hour,spacex,KerbalSpaceProgram,Bitcoin,pcmasterrace,Showerthoughts,outside,dankmemes,wholesomememes,2meirl4meirl,WritingPrompts,tifu,news,nottheonion,4chan,Music,IAmA,math,itookapicture,learnprogramming,gaming,movies,mylittlepony,anime,sports,gonewild,europe,apple,Android,ATBGE,depression,disneyvacation,mildlyinteresting,interestingasfuck,mildlyinfuriating,worldnews,furry_irl,talesfromtechsupport,TalesFromRetail,nosleep,hmmm,NintendoSwitch,smashbros,nostalgia,Drugs,dankchristianmemes,aww,polandball,WTF,FortNiteBR,GetMotivated,Fitness,Drama,netflix,PewdiepieSubmissions,Minecraft
12am,13.437,11.293,11.241,20.276,32.949,37.164,26.405,36.755,30.031,33.166,59.793,36.19,37.508,30.45,28.708,18.944,11.851,7.615,7.449,40.067,36.463,10.983,19.687,26.862,6.319,9.919,22.371,11.557,22.932,8.269,29.73,27.144,70.37,41.544,19.274,19.445,24.558,34.361,31.521,28.998,10.477,24.497,16.926,11.407,30.859,77.686,25.594,65.052,31.719,21.838,13.101,13.872,32.971,5.3,121.842
1am,15.092,10.347,11.367,23.21,34.366,34.687,26.418,41.348,28.058,36.343,53.856,27.795,41.31,26.896,19.743,18.379,12.385,8.895,6.993,57.482,27.915,10.721,27.457,15.778,5.995,9.773,16.332,14.082,20.333,7.947,25.661,41.418,42.725,25.598,15.481,18.791,29.153,33.794,29.159,25.055,12.762,25.66,11.007,14.337,27.728,68.984,23.951,26.255,28.618,44.505,14.137,16.068,20.748,20.049,25.775
2am,15.631,15.384,14.633,17.8,55.76,36.64,21.774,36.588,38.13,38.448,33.43,42.46,39.629,21.526,21.894,15.144,11.484,7.285,6.595,35.367,20.007,9.486,25.795,19.127,4.973,7.392,13.869,12.77,23.989,7.791,36.217,24.637,45.373,30.461,23.546,18.697,32.646,30.931,31.23,27.344,22.129,30.951,17.005,14.3,27.913,52.302,23.741,40.516,16.841,19.89,13.866,16.228,16.762,3.464,64.476
3am,14.181,15.952,17.661,18.242,50.312,33.642,17.949,33.401,33.345,34.294,41.225,36.365,40.867,29.507,46.481,17.71,12.935,9.378,6.819,19.44,12.774,11.328,24.664,36.443,4.311,19.343,12.297,10.094,43.548,7.321,28.571,31.622,24.768,25.644,40.385,16.821,20.86,28.838,29.004,19.255,20.196,28.323,15.718,17.328,27.03,46.69,25.878,49.062,30.264,21.011,10.109,14.155,65.23,20.556,17.119
4am,11.067,12.755,16.812,14.444,66.374,30.662,15.494,46.225,30.948,44.178,35.347,40.65,29.561,27.513,71.802,20.613,11.81,8.407,8.56,9.679,9.874,9.29,20.045,46.336,4.211,49.392,12.22,12.887,32.867,7.266,33.867,23.252,10.976,18.252,34.405,17.216,16.497,31.157,30.469,19.889,16.283,23.047,17.6,15.038,42.736,47.912,26.854,29.132,21.403,12.044,12.244,14.216,17.775,7.211,34.757
5am,11.502,14.503,13.77,12.951,25.96,29.049,15.254,32.238,23.921,35.953,39.101,22.105,51.184,23.096,40.879,36.476,13.479,8.422,8.294,5.803,23.031,7.826,15.612,24.959,3.633,43.861,15.42,11.825,28.293,7.887,35.624,23.383,8.77,22.927,20.939,16.473,17.468,29.307,25.625,18.633,24.147,21.687,11.949,13.332,27.946,36.52,33.744,30.648,19.275,10.913,11.289,13.585,11.648,23.61,30.795
6am,8.114,11.717,10.51,10.607,24.83,26.473,32.746,27.33,24.014,37.362,66.028,20.069,30,25.045,23.026,28.005,12.679,8.267,7.633,3.887,13.229,6.568,16.322,25.373,3.09,48.142,13.42,12.788,23.437,7.806,33.379,14.484,5.71,14.218,11.9,14.216,22.578,22.373,21.047,32.739,19.259,15.103,11.595,12.723,19.831,32.854,36.476,18.536,16.122,10.961,9.333,12.188,13.463,13.996,19.571
7am,7.421,20.256,9.048,19.261,14.568,22.181,36.088,32.042,24.286,26.701,70.054,13.093,18.901,34.915,33.864,19.511,11.745,8.844,6.768,3.007,25.266,6.856,13.062,14.255,4.402,110.246,13.557,12.616,16.06,6.594,34.517,22.226,18.418,10.559,15.317,12.883,19.968,30.619,23.44,37.113,20.472,19.767,7.977,14.112,17.901,27.047,38.475,10.184,13.119,9.808,10.251,13.168,13.855,2.992,25.094
8am,9.052,16.09,7.594,12.731,13.836,17.212,32.176,18.079,26.536,39.09,38.999,8.748,32.597,37.24,19.29,13.479,10.426,6.854,6.115,1.922,18.886,8.057,18.934,21.745,3.839,92.03,20.632,20.469,11.645,8.127,30.122,27.275,28.268,17.229,9.559,12.799,20.542,22.963,19.745,58.193,16.697,34.059,11.419,21.41,20.553,17.958,64.492,10.074,8.879,6.679,7.29,16.377,8.198,10.127,27.933
9am,9.015,24.047,21.343,17.316,45.485,17.113,31.41,11.184,42.846,49.124,38.109,16.856,62.53,30.779,16.764,10.31,10.987,6.503,6.782,4.026,43.969,8.378,29.305,9.867,5.568,64.882,14.895,18.711,23.564,7.244,32.68,30.965,23.022,16.921,10.571,14.827,31.409,29.363,16.984,75.752,19.579,29.149,7.412,18.8,14.805,22.6,59.994,27.618,41.608,7.065,9.802,15.084,5.296,12.673,46.579
10am,7.098,22.53,24.441,11.092,92.426,13.174,53.659,57.988,37.881,45.755,89.951,47.564,40.276,38.874,26.197,9.553,14.059,7.333,8.432,98.885,39.106,7.045,21.368,54.618,6.128,54.942,23.217,22.83,25.226,7.071,38.727,19.371,36.764,21.386,15.849,20.779,43.729,36.057,22.708,69.846,16.708,20.024,8.636,28.374,26.108,25.602,79.76,31.747,33.814,11.337,9.745,15.267,21.634,52.896,38.632
11am,8.404,24.847,15.39,19.921,25.694,12.721,101.923,66.525,35.344,45.871,109.272,42.407,73.002,40.327,36.095,15.039,13.896,10.214,8.561,66.954,44.807,8.306,23.15,50.083,9.486,30.462,31.539,26.93,27.845,7.297,48.363,17.541,98.653,26.236,35.511,31.83,51.263,35.015,19.224,77.798,25.596,34.015,9,19.66,40.561,24.474,98.476,61.673,17.893,22.864,13.1,19.08,16.663,12.63,42.59
12pm,7.612,26.674,16.467,48.495,71.022,15.113,61.008,91.649,45.221,47.883,119.667,60.588,60.935,34.41,50.959,19.71,17.665,12.014,9.503,83.326,30.938,8.709,24.275,48.083,7.582,24.4,29.362,24.404,65.663,8.589,49.151,102.823,104.952,114.898,51.618,30.417,47.411,36.137,19.526,61.319,18.722,35.592,13.599,26.78,59.045,89.862,101.024,53.96,40.396,15.9,16.22,22.48,6.442,37.077,26.462
1pm,11.879,22.609,14.832,53.066,62.458,14.385,59.772,83.073,53.174,51.809,62.908,45.17,52.574,37.307,26.118,15.58,18.641,13.958,8.237,94.074,42.932,10.246,30.11,66.931,8.636,13.612,27.608,25.422,43.527,8.104,53.575,71.148,73.836,56.117,38.477,34.662,49.724,35.207,26.142,42.946,35.392,52.149,19.177,25.041,78.956,89.676,83.584,87.614,59.6,21.901,17.047,25.384,7.47,12.518,53.248
2pm,16.501,23.561,14.992,28.067,56.127,13.563,47.471,66.704,46.698,58.449,68.92,49.583,89.895,47.752,26.788,55.365,16.207,14.328,8.311,116.09,38.821,12.95,34.818,46.647,5.13,20.83,16.53,31.815,79.145,8.878,54.846,50.307,46.318,77.731,23.337,31.863,48.534,41.323,31.039,28.368,20.548,46.936,38.983,19.475,69.473,74.478,54.037,64.874,49.397,22.149,14.211,22.895,25.343,11.31,47.55
3pm,12.513,19.088,15.046,37.053,92.75,15.453,51.835,77.274,39.151,52.432,57.863,32.06,81.004,59.05,42.496,62.114,14.208,13.429,8.43,142.137,55.177,12.945,27.258,119.528,5.984,20.929,22.415,22.606,58.194,10.957,51.457,60.948,51.038,88.096,30.938,28.408,46.974,38.723,28.557,29.809,19.946,50.633,42.567,17.267,52.05,82.137,44.643,54.212,47.754,23.398,16.472,21.857,57.934,38.515,61.332
4pm,12.089,16.77,13.427,40.641,75.055,18.587,45.109,65.708,33.804,56.079,82.937,53.059,77.369,48.565,52.237,73.359,14.836,13.047,7.458,61.373,66.366,14.157,38.502,108.494,5.221,15.589,19.415,33.513,64.53,9.95,43.576,42.092,82.605,79.337,47.361,22.928,35.409,40.078,26.845,26.291,18.867,74.58,37.939,25.889,42.39,115.335,34.006,36.991,61.25,45.257,27.782,21.251,18.446,24.145,70.148
5pm,14.851,17.523,10.559,28.252,91.731,24.174,52.555,50.55,33.805,61.983,101.806,25.798,59.559,41.624,55.281,86.149,13.635,10.033,7.986,68.534,37.5,14.753,40.226,90.238,7.715,17.078,21.91,30.423,44.018,9.45,37.947,35.946,59.046,39.26,58.348,21.732,36.4,40.385,33.838,26.492,23.094,55.774,31.556,19.138,40.202,82.146,29.51,47.509,62.018,22.871,20.501,20.823,23.767,36.901,31.547
6pm,12.981,18.046,9.97,25.424,33.765,20.096,43.302,38.748,34.509,49.435,90.853,49.546,52.575,36.359,33.95,37.987,15.823,9.893,8.582,56.15,31.53,13.096,34.566,51.096,5.866,17.173,23.579,17.839,50.473,9.762,36.641,85.479,45.017,46.343,60.865,22.827,35.586,41.587,30.827,39.218,39.172,50.856,35.563,20.293,37.824,71.185,32.661,65.232,44.501,48.517,19.036,17.143,24.386,22.221,36.906
7pm,16.392,15.786,12.877,20.072,59.537,19.044,35.849,54.425,29.928,44.876,68.602,40.311,49.501,32.089,28.238,44.248,17.735,9.515,8.451,48.098,61.936,13.279,30.973,49.245,8.351,18.041,15.293,16.815,48.662,9.73,33.759,59.898,42.67,44.357,56.736,21.167,29.397,42.709,33.418,27.853,28.355,52.127,27.506,18.305,29.507,42.559,32.016,65.699,59.056,24.929,20.716,15.641,22.698,8.557,36.512
8pm,21.836,24.132,10.53,16.34,126.612,18.783,39.803,49.934,33.497,40.137,80.372,75.025,50.661,34.426,19.13,43.443,14.815,8.719,7.627,38.085,67.209,12.676,26.238,33.449,6.518,25.969,23.917,16.346,38.454,9.731,32.421,46.592,39.027,34.537,35.594,24.949,26.614,43.29,34.461,44.824,31.919,52.095,23.535,20.58,20.043,41.567,29.241,49.45,45.612,26.144,16.616,15.535,19.1,7.948,33.514
9pm,16.192,16.339,10.013,21.902,64.162,19.687,38.914,60.608,31.445,27.705,88.047,48.466,39.945,30.781,19.197,62.459,16.107,8.129,7.221,43.033,63.092,10.858,28.749,26.926,7.593,27.17,21.866,20.908,32.991,9.404,26.882,44.122,62.648,29.016,36.178,21.214,25.7,38.312,34.073,48.892,19.388,34.179,27.141,19.599,17.61,30.542,26.531,55.539,29.165,25.181,17.385,14.748,10.496,15.515,35.547
10pm,14.152,17.063,9.425,15.741,41.27,30.543,26.018,66.002,32.541,29.879,61.876,60.844,30.336,31.184,19.768,17.054,11.815,7.022,8.471,73.411,79.589,10.495,24.272,27.029,7.253,28.409,29.992,15.392,28.47,9.187,26.737,40.805,44.175,34.728,33.154,21.63,31.392,35.383,28.556,40.122,26.049,33.632,19.366,15.868,18.717,44.414,27.832,84.637,37.739,19.333,16.216,13.489,10.916,14.691,66.085
11pm,13.471,10.762,10.685,23.079,42.445,51.602,27.019,50.452,36.694,28.849,68.861,62.249,24.86,35.205,23.047,19.337,16.855,6.828,8.487,45.031,69.337,10.048,20.988,34.967,6.644,14.257,23.31,16.319,23.423,8.363,29.753,30.662,45.424,33.81,42.299,19.681,28.613,39.323,33.27,38.417,16.314,30.442,17.547,15.181,21.43,78.022,25.727,50.23,27.575,21.85,13.702,15.407,8.313,19.632,37.459
