weekday,hour,spacex,KerbalSpaceProgram,Bitcoin,pcmasterrace,Showerthoughts,outside,dankmemes,wholesomememes,2meirl4meirl,WritingPrompts,tifu,news,nottheonion,4chan,Music,IAmA,math,itookapicture,learnprogramming,gaming,movies,mylittlepony,anime,sports,gonewild,europe,apple,Android,ATBGE,depression,disneyvacation,mildlyinteresting,interestingasfuck,mildlyinfuriating,worldnews,furry_irl,talesfromtechsupport,TalesFromRetail,nosleep,hmmm,NintendoSwitch,smashbros,nostalgia,Drugs,dankchristianmemes,aww,polandball,WTF,FortNiteBR,GetMotivated,Fitness,Drama,netflix,PewdiepieSubmissions,Minecraft
0,0,0.942,0.186,0.482,0.965,0.604,0.613,0.152,-0.276,0.012,-0.601,0.692,0.055,1.015,0.859,-0.543,-0.036,-0.193,-2.039,-0.788,-0.843,-0.475,-0.771,-0.893,-0.647,-2.097,-0.647,-0.119,0.095,-0.367,-0.924,-0.186,0.183,0.305,0.883,0.831,0.280,0.929,0.532,-0.422,0.474,-0.428,-0.214,-0.389,0.763,0.582,-0.255,0.093,0.767,0.588,-0.867,-0.401,1.509,-0.263,0.169,0.520
0,1,0.071,0.401,0.811,0.828,0.496,0.526,0.111,-0.493,0.350,-0.645,0.727,-0.027,0.610,1.024,-0.685,0.525,-0.242,-1.803,-1.249,-0.771,-0.287,-0.941,-1.203,-0.565,-2.088,-0.413,-0.125,0.022,-0.394,-0.994,-0.202,0.030,0.358,1.252,0.756,0.261,0.727,0.606,-0.564,0.563,-0.232,-0.003,-0.404,0.651,0.672,-0.539,-0.093,0.852,0.374,0.186,-0.549,1.588,0.635,-0.181,0.580
0,2,0.450,0.252,0.451,0.599,0.474,0.449,0.414,-0.664,-0.034,-0.766,0.453,-0.186,0.816,0.831,-0.477,0.061,-0.199,-1.655,-1.346,-0.893,-0.402,-0.729,-1.235,-1.046,-1.952,-0.399,-0.150,0.110,-0.534,-0.758,-0.118,-0.024,0.308,1.292,0.909,0.264,0.756,0.666,-0.295,0.293,-0.343,0.087,-0.021,0.676,0.648,-0.159,-0.003,0.587,0.587,0.044,-0.408,1.379,1.169,0.278,-0.143
0,3,0.180,0.308,0.910,0.889,0.487,0.670,0.695,-0.381,-0.134,-0.804,0.616,-0.188,0.698,0.898,-0.241,0.594,-0.266,-1.939,-1.007,-0.659,-0.341,-0.841,-1.166,-1.014,-1.822,-0.510,-0.026,0.227,-0.511,-0.853,-0.213,0.054,0.295,1.330,0.991,0.071,0.946,0.462,-0.312,0.265,-0.444,0.125,-0.064,0.191,0.671,-0.161,0.271,0.885,0.462,-0.346,-0.641,1.192,0.659,0.803,1.499
0,4,0.370,-0.242,0.709,0.825,0.728,0.715,0.669,-0.570,-0.257,-0.738,0.779,0.599,0.541,1.074,-0.225,0.293,0.005,-1.496,-1.103,-0.687,-0.487,-0.802,-1.417,-0.766,-1.964,-0.563,0.130,0.524,-0.256,-0.948,-0.142,-0.098,0.485,1.151,0.996,0.044,0.800,0.436,-0.339,0.450,-0.234,-0.251,0.027,0.575,0.771,-0.358,0.210,0.639,0.338,-0.361,-0.338,1.536,0.683,0.133,-0.223
0,5,-0.037,0.008,0.631,0.778,0.526,0.769,0.446,-0.795,-0.181,-0.617,0.497,0.381,0.604,0.947,-0.030,0.247,-0.143,-1.956,-1.035,-0.704,-0.441,-0.577,-0.946,-0.937,-1.823,-0.741,0.216,-0.054,-0.586,-0.744,-0.326,0.209,0.307,1.040,0.851,0.389,1.021,0.504,-0.334,0.363,-0.388,-0.121,0.029,-0.142,0.328,-0.151,0.008,0.873,0.190,-0.194,-1.190,1.440,0.467,-0.004,-0.876
0,6,0.435,0.022,0.804,0.784,0.688,0.728,0.521,-0.790,0.365,-0.814,0.648,0.563,1.010,0.909,-0.250,-0.144,0.007,-2.087,-0.938,-0.885,-0.677,-0.616,-1.157,-1.085,-2.069,-0.677,0.084,-0.000,-0.448,-1.184,-0.285,-0.100,0.538,0.950,1.362,0.438,0.759,0.679,-0.176,0.181,-0.641,-0.161,0.083,0.428,0.271,-0.063,0.089,0.760,0.152,-0.140,-0.842,1.198,2.066,0.065,0.172
0,7,0.800,0.298,0.087,0.909,0.449,0.749,0.314,-0.530,0.055,-0.593,0.408,0.787,0.559,0.860,-0.680,0.511,0.049,-1.903,-0.983,-0.348,-0.684,-0.677,-0.888,-0.823,-2.221,-0.888,0.288,-0.537,-0.229,-1.039,-0.689,0.026,0.375,1.525,0.997,0.235,0.816,0.768,-0.224,0.089,0.009,-0.295,0.112,0.521,0.273,-0.343,0.468,0.609,0.195,-0.006,-0.269,1.645,1.152,0.400,0.529
0,8,0.877,-0.516,0.469,0.884,0.648,0.982,0.198,-0.274,0.277,-0.762,0.478,0.552,0.414,0.900,-0.271,0.441,0.137,-1.765,-0.739,-1.020,-0.652,-0.713,-0.895,-0.601,-2.155,-0.647,0.368,-0.225,-0.431,-1.108,-0.226,0.290,0.337,1.165,1.045,0.139,0.616,0.466,-0.107,0.246,-0.651,0.005,-0.305,0.563,0.411,0.033,0.358,0.585,0.631,-0.358,-0.311,1.388,0.926,-0.330,1.132
0,9,0.709,-0.302,0.256,1.137,0.650,0.685,0.670,-0.512,0.337,-0.366,0.369,0.278,0.280,1.078,0.184,0.652,0.387,-2.078,-1.169,-0.510,-0.406,-0.226,-1.374,-0.183,-2.469,-0.575,-0.115,-0.185,-0.354,-1.177,-0.150,-0.034,0.159,1.204,0.447,0.630,0.781,0.233,-0.156,0.153,-0.219,0.412,0.081,0.694,0.507,0.020,-0.107,0.763,0.420,-0.330,-0.340,1.614,-0.861,0.685,-0.665
0,10,0.795,-0.030,0.079,1.154,0.589,0.942,0.098,-0.703,0.413,-0.668,0.399,0.713,0.614,1.143,-0.714,0.625,-0.104,-1.645,-0.993,-0.513,-1.088,-0.506,-0.874,-0.194,-2.342,-0.717,0.097,-0.121,-0.180,-0.765,-0.396,-0.417,0.490,0.650,1.043,0.421,1.050,0.190,-0.434,0.470,0.158,-0.198,0.346,0.650,0.452,-0.025,0.020,0.550,0.210,-0.059,-0.523,1.642,1.067,-0.162,-0.589
0,11,0.297,0.326,0.633,0.858,0.473,0.613,0.392,-0.534,0.487,-0.706,0.355,0.121,0.649,1.000,0.123,0.387,0.138,-1.899,-1.145,-0.858,-1.049,-0.685,-1.068,-0.325,-2.276,-0.607,0.216,0.279,-0.217,-1.116,-0.248,-0.252,0.551,1.416,1.022,0.246,0.828,0.547,-0.183,0.075,-0.121,0.273,0.344,0.873,0.293,0.186,0.052,0.871,0.490,-0.118,-0.130,1.457,1.972,0.024,0.102
0,12,0.579,-0.077,0.520,1.059,0.581,0.601,0.134,-0.009,0.276,-0.661,0.546,-0.151,0.367,0.790,0.142,0.482,-0.004,-1.973,-1.007,-0.700,-0.919,-0.719,-0.957,-0.643,-2.472,-0.592,0.604,-0.229,-0.510,-1.172,-0.287,-0.328,0.025,1.247,0.995,0.040,0.897,0.314,-0.232,0.396,0.162,-0.018,-0.035,0.614,0.463,-0.225,0.004,0.920,0.367,-0.314,-0.701,1.079,0.947,0.655,0.316
0,13,0.440,0.485,0.146,1.176,0.922,0.635,0.240,-0.586,0.366,-0.673,0.655,0.138,0.700,0.875,0.623,0.326,-0.062,-1.644,-0.852,-0.886,-0.589,-0.837,-0.774,-0.533,-2.580,-0.784,0.357,-0.104,-0.186,-0.746,-0.048,-0.580,-0.017,0.786,1.429,0.060,0.774,0.438,-0.265,0.546,-0.203,-0.082,0.015,0.749,0.742,0.059,-0.042,0.867,0.959,-0.071,-1.075,1.255,1.500,0.161,-0.542
0,14,0.790,0.494,0.375,0.964,0.872,0.858,0.075,-0.351,0.206,-1.023,0.622,0.206,0.711,1.284,0.510,0.462,-0.063,-1.860,-0.662,-0.701,-0.729,-0.672,-0.668,-0.654,-2.437,-0.507,0.617,-0.151,0.122,-0.949,-0.317,0.325,0.172,0.501,1.274,0.323,0.842,0.573,-0.332,0.502,0.192,-0.075,0.101,0.323,0.172,-0.196,-0.166,0.640,0.506,-0.061,-1.188,1.442,0.729,0.102,-0.246
0,15,0.726,0.496,0.324,1.259,0.799,0.695,0.338,-0.405,0.393,-1.079,0.397,0.340,0.884,0.727,-0.208,0.254,0.013,-1.781,-1.175,-0.764,-0.944,-0.669,-0.832,-0.509,-2.133,-0.442,0.500,-0.082,-0.188,-0.988,-0.391,0.043,0.374,1.024,1.247,0.237,0.645,0.489,-0.308,0.303,-0.235,0.059,-0.325,0.455,0.428,-0.099,-0.081,0.656,0.414,-0.290,-0.762,1.338,0.080,0.101,-1.070
0,16,0.747,0.675,0.587,1.339,0.572,0.982,0.403,-0.573,0.526,-0.898,0.429,0.738,1.007,0.880,0.110,0.355,0.054,-1.713,-0.754,-0.511,-0.914,-0.768,-1.273,-0.770,-2.333,-0.458,0.307,0.044,0.030,-1.098,-0.329,0.142,0.007,0.975,1.405,0.156,0.651,0.723,-0.055,0.287,0.073,-0.029,-0.295,0.295,0.310,-0.272,0.039,0.646,0.439,-0.308,-0.925,1.442,0.389,-0.255,-0.241
0,17,0.737,0.139,0.333,0.878,0.574,0.600,0.316,-0.629,0.234,-0.951,0.449,0.848,0.804,1.114,-0.442,-0.063,-0.358,-1.556,-1.013,-0.490,-0.913,-0.762,-1.407,-0.557,-2.360,-0.714,0.454,0.017,-0.065,-1.153,-0.230,0.368,-0.098,1.078,1.574,0.230,0.751,0.469,0.002,0.337,0.065,0.182,-0.212,0.123,0.451,-0.534,0.108,0.574,-0.037,-0.014,-0.750,1.564,0.268,-0.019,-0.146
0,18,0.575,-0.102,0.375,0.794,0.500,0.760,0.220,-0.730,0.260,-0.778,0.534,0.897,1.226,1.097,-0.278,0.534,-0.019,-1.897,-1.114,-0.402,-1.034,-0.777,-1.091,-0.572,-2.272,-0.728,0.446,0.072,-0.223,-0.964,-0.397,0.509,0.282,0.824,1.422,0.560,0.787,0.607,0.011,0.551,-0.052,-0.172,-0.002,0.531,0.479,-0.352,0.126,0.702,-0.559,-0.136,-0.634,1.572,0.338,0.430,0.246
0,19,0.741,0.434,0.486,0.930,0.468,0.672,0.308,-0.398,0.342,-0.854,0.538,1.230,0.867,1.066,-0.395,0.157,-0.142,-1.925,-1.103,-0.699,-1.097,-0.786,-0.821,-0.450,-2.411,-0.645,0.401,-0.106,-0.036,-1.152,-0.234,0.284,0.235,1.014,1.305,0.323,0.757,0.761,-0.525,0.490,-0.055,0.178,-0.315,0.220,0.384,-0.393,0.056,0.678,-0.430,-0.177,-0.726,1.420,-0.035,0.081,0.059
0,20,0.608,0.215,0.681,0.698,0.398,0.705,0.354,-0.269,0.419,-1.157,0.642,1.340,0.914,1.068,-0.215,0.262,0.024,-1.987,-1.137,-0.533,-1.041,-0.649,-0.714,-0.448,-2.276,-0.498,0.421,-0.065,-0.001,-0.917,-0.203,0.120,0.145,0.967,1.459,0.256,0.723,0.599,-0.244,0.347,0.012,0.171,0.069,0.257,0.501,-0.266,0.190,0.921,-0.378,-0.175,-0.631,1.467,0.079,0.818,-0.843
0,21,0.601,0.172,0.610,0.828,0.414,1.144,0.413,-0.595,0.471,-1.180,0.487,1.280,0.701,1.071,-0.036,0.778,-0.034,-1.678,-1.060,-0.868,-0.943,-0.663,-0.363,-0.688,-2.173,-0.763,0.133,-0.014,-0.195,-1.058,-0.307,0.054,0.345,1.056,1.444,0.281,0.697,0.623,-0.221,0.522,0.159,0.055,0.124,0.298,0.343,-0.145,0.010,0.669,-0.051,-0.032,-0.308,1.566,1.762,0.583,-0.421
0,22,0.675,0.201,0.781,0.851,0.131,1.161,0.351,-0.851,0.323,-0.901,0.856,1.400,0.907,0.726,-0.147,0.673,-0.116,-1.791,-1.177,-0.677,-0.644,-0.543,-0.548,-0.673,-2.139,-0.663,0.237,0.255,-0.237,-1.184,-0.349,-0.100,0.192,1.053,1.209,0.241,0.723,0.770,-0.507,0.472,0.027,0.181,-0.125,0.508,0.543,-0.003,-0.043,0.633,0.094,-0.108,-0.417,1.439,0.330,0.358,0.389
0,23,0.411,0.339,0.418,0.950,0.120,0.840,0.303,-0.948,0.480,-0.846,0.538,1.323,1.124,0.738,-0.040,0.618,0.159,-1.788,-0.885,-0.895,-0.810,-0.834,-0.552,-1.028,-2.181,-0.687,0.310,0.164,-0.324,-1.029,-0.259,-0.257,0.382,1.120,1.178,0.413,0.710,0.495,-0.390,0.565,0.046,-0.247,0.092,0.638,0.410,0.014,-0.090,0.631,-0.059,-0.104,-0.363,1.621,1.122,0.468,0.019
1,0,0.661,-0.037,0.436,0.937,-0.061,0.735,0.249,-1.075,0.252,-1.070,0.468,1.226,0.947,0.903,-0.287,0.890,-0.126,-1.697,-1.013,-1.255,-0.474,-0.709,-0.608,-1.176,-1.973,-1.110,0.486,0.247,-0.291,-1.202,-0.416,-0.307,0.564,1.192,1.120,0.547,0.880,0.588,-0.066,0.255,-0.126,-0.045,-0.219,0.524,0.327,-0.115,0.018,0.885,0.335,0.125,-0.546,1.446,1.793,-0.154,-0.453
1,1,0.017,-0.132,0.398,0.988,-0.027,0.948,0.590,-0.623,0.243,-1.243,0.603,1.224,1.074,0.812,0.185,1.009,0.214,-1.610,-1.087,-1.352,-0.474,-0.663,-0.795,-1.027,-2.125,-1.047,0.311,-0.031,-0.369,-1.141,-0.151,-0.124,0.579,1.021,1.397,0.248,0.920,0.507,-0.269,0.291,-0.342,0.006,-0.176,0.361,0.497,-0.249,-0.039,0.827,0.269,-0.162,-0.727,1.174,0.394,-0.049,0.998
1,2,-0.101,0.180,0.467,0.863,0.143,0.765,0.370,-0.563,0.169,-0.825,0.384,1.139,1.041,0.795,-0.188,0.450,0.080,-1.918,-0.899,-0.831,-0.358,-0.655,-0.897,-1.101,-1.958,-0.711,0.344,0.197,-0.179,-1.093,-0.326,-0.277,0.491,0.941,0.941,0.088,0.942,0.489,-0.189,0.301,0.169,0.094,-0.278,0.774,0.621,-0.157,-0.072,0.719,0.201,-0.641,-0.425,1.423,-0.767,-0.245,-0.056
1,3,0.371,0.019,0.379,0.961,-0.297,0.796,0.340,-0.492,0.522,-1.037,0.464,1.082,1.257,1.326,-0.365,0.710,-0.067,-1.847,-0.816,-0.961,-0.727,-0.926,-0.687,-1.350,-2.023,-0.073,0.371,0.143,-0.182,-1.066,-0.317,-0.297,0.390,0.801,0.846,0.250,0.683,0.600,-0.179,0.275,-0.039,0.009,-0.268,0.509,0.519,-0.331,-0.132,0.555,-0.058,-0.570,-0.258,1.427,-1.268,-0.544,-0.559
1,4,0.700,0.467,0.532,0.842,-0.052,0.700,0.209,-0.718,0.195,-1.037,0.451,0.766,1.089,1.077,-0.058,0.905,0.187,-1.651,-0.867,-0.959,-1.025,-0.632,-0.893,-0.732,-2.015,-0.443,0.567,0.278,-0.316,-0.972,-0.231,0.191,0.648,1.047,1.129,0.223,0.695,0.581,-0.078,0.432,0.221,-0.179,-0.247,0.372,0.544,-0.351,0.324,0.923,0.271,-0.590,-0.172,1.676,0.735,1.026,-0.155
1,5,1.048,0.129,0.316,0.795,-0.055,0.615,0.084,-1.001,0.314,-0.952,0.519,0.760,1.380,0.693,0.337,0.762,0.155,-1.844,-1.249,-0.947,-1.125,-0.530,-0.787,-0.598,-1.804,-0.586,0.756,0.176,-0.546,-1.166,-0.335,-0.019,0.480,1.009,1.043,0.134,0.799,0.606,-0.058,0.350,0.191,-0.266,-0.394,0.621,0.460,-0.458,-0.119,0.736,-0.264,-0.553,-0.086,1.697,1.119,0.105,-0.470
1,6,0.863,0.306,0.211,0.801,-0.051,0.871,0.261,-0.504,0.410,-0.980,0.790,0.832,1.122,0.435,0.539,0.327,-0.099,-2.129,-0.886,-0.989,-1.379,-0.677,-1.031,-0.669,-1.992,-0.740,0.585,0.234,-0.011,-0.963,-0.134,0.042,0.777,0.736,0.948,0.413,0.869,0.708,0.024,0.127,-0.074,0.064,-0.456,0.372,0.583,-0.844,0.064,0.726,-0.061,-0.267,-0.001,1.316,1.029,0.260,-0.178
1,7,0.668,0.441,0.146,1.102,0.222,1.076,0.424,-0.628,0.384,-1.034,0.553,0.761,0.745,0.915,-0.024,0.912,0.211,-1.907,-1.097,-0.918,-1.106,-0.405,-1.644,-0.663,-1.972,-0.419,0.415,-0.007,-0.227,-1.320,-0.284,-0.271,0.794,0.939,0.685,0.354,0.439,0.720,-0.048,-0.007,0.116,-0.289,-0.535,0.343,0.550,-0.852,0.182,0.844,-0.177,-0.314,0.028,1.428,1.103,-0.018,0.673
1,8,0.600,0.308,0.362,0.861,-0.200,0.763,0.357,-0.697,0.216,-0.803,1.000,0.720,1.327,0.797,-0.604,0.923,-0.627,-1.653,-1.078,-0.804,-1.157,-0.405,-1.255,-0.785,-2.217,-0.950,0.385,0.424,0.115,-1.208,-0.189,-0.006,0.451,1.265,0.686,0.364,0.809,0.762,0.022,0.307,-0.005,-0.398,-0.236,0.125,0.564,-0.569,-0.041,0.518,-0.125,-0.179,0.126,1.328,0.367,0.496,-0.816
1,9,0.882,0.630,0.329,0.939,0.407,0.990,-0.088,-0.856,0.332,-0.563,0.980,0.762,1.067,0.832,-0.389,1.904,-0.190,-1.795,-0.776,-1.130,-0.874,-0.470,-0.991,-0.441,-2.290,-0.848,0.647,0.224,-0.147,-0.874,-0.179,0.631,0.175,0.966,1.387,0.597,0.956,0.778,-0.305,0.452,0.298,-0.048,-0.247,0.218,0.451,-0.341,0.142,0.429,-0.223,-0.438,-0.027,1.602,-3.247,0.485,0.998
1,10,0.624,0.806,0.658,0.951,0.171,0.579,0.122,0.199,0.708,-0.516,0.647,0.998,0.957,0.682,-0.541,0.582,0.217,-2.069,-1.386,-1.029,-0.692,-1.111,-0.925,-0.714,-2.407,-0.833,0.365,0.039,-0.005,-1.117,-0.386,0.362,0.404,1.249,1.077,0.208,0.752,1.022,-0.165,0.550,0.302,-0.307,-0.422,0.136,0.552,-0.295,-0.242,0.784,-0.761,-0.538,-0.227,1.632,1.188,0.050,-0.798
1,11,0.735,0.361,0.508,1.019,0.130,0.919,0.225,-1.275,-0.054,-0.860,0.907,1.091,1.373,1.168,-0.810,1.411,-0.011,-1.723,-1.341,-0.681,-0.943,-0.637,-1.081,-0.892,-2.326,-0.773,0.277,0.331,-0.048,-1.274,-0.268,0.123,0.400,1.211,1.149,0.136,1.118,0.602,-0.035,0.236,0.713,-0.336,-0.729,0.674,0.691,-0.358,-0.127,0.665,-0.422,-0.483,-0.430,1.396,-0.403,0.209,-0.240
1,12,0.685,0.207,0.715,1.021,0.014,0.842,0.095,0.083,0.410,-0.879,1.023,0.959,0.885,1.137,-0.793,1.074,-0.303,-1.881,-1.119,-1.032,-0.916,-0.763,-1.147,-0.763,-2.528,-0.742,0.267,0.070,0.006,-1.516,-0.385,0.274,0.474,1.212,1.025,0.476,0.764,0.779,-0.228,0.379,0.603,-0.202,-0.124,0.326,0.356,-1.005,-0.086,0.327,-0.156,-0.238,-0.090,1.669,1.034,-0.236,-0.942
1,13,0.440,0.410,0.725,0.937,0.907,0.680,0.190,-1.016,0.338,-0.853,0.958,0.873,0.833,1.170,-0.960,0.152,-0.068,-1.945,-1.219,-0.879,-0.965,-0.989,-0.798,-0.895,-2.369,-0.653,0.460,0.407,-0.150,-1.008,-0.432,0.017,0.138,1.131,0.646,0.427,0.678,0.692,-0.318,0.710,0.332,-0.132,-0.477,0.196,0.490,-0.256,-0.069,0.283,-0.088,-0.342,0.060,1.589,-0.100,0.385,-0.443
1,14,0.365,0.389,1.058,0.964,0.507,0.609,0.115,0.079,0.493,-0.862,0.612,0.794,1.119,0.988,-0.822,1.103,-0.111,-1.709,-0.895,-1.040,-0.696,-0.743,-1.160,-0.715,-2.460,-0.762,0.428,0.467,-0.167,-1.065,-0.341,0.410,0.071,1.368,1.185,0.262,0.871,0.606,-0.331,0.676,0.454,-0.418,-0.449,0.406,0.593,0.582,0.176,0.398,-0.488,-0.476,-0.081,1.441,0.375,-0.114,-0.259
1,15,0.635,0.511,0.827,0.849,0.852,0.981,0.306,-0.234,0.483,-0.444,0.867,0.652,1.204,0.931,-0.853,-0.251,0.239,-1.914,-1.044,-0.869,-1.078,-0.786,-1.023,-0.654,-2.445,-0.698,0.175,0.511,-0.194,-1.014,-0.298,0.221,-0.031,1.283,1.095,0.244,0.887,0.599,-0.139,0.653,0.545,-0.130,-0.415,0.208,0.636,0.547,-0.126,0.424,-0.300,-0.211,0.486,1.405,-0.273,1.038,0.665
1,16,0.758,0.381,0.793,0.939,0.711,0.857,0.283,-0.428,0.437,-0.554,0.504,1.023,1.135,1.074,-0.428,-0.268,-0.018,-1.698,-1.012,-0.524,-1.545,-0.743,-0.811,-0.629,-2.583,-0.853,0.307,0.460,-0.220,-1.005,-0.317,0.251,0.026,1.012,0.945,0.374,0.833,0.694,-0.664,0.582,0.452,-0.057,-0.302,0.600,0.511,0.279,0.192,0.799,-0.200,-0.094,0.508,1.457,-0.145,0.337,0.338
1,17,0.466,0.067,0.758,0.607,0.390,0.506,0.163,-0.266,0.604,-0.613,0.395,0.666,1.020,1.196,-0.482,-0.034,0.018,-1.714,-0.904,-0.551,-1.433,-0.663,-0.981,-0.581,-2.414,-0.262,0.215,0.475,-0.043,-1.164,-0.447,0.446,0.239,1.062,0.962,0.285,0.827,0.408,-0.259,0.507,0.294,-0.056,-0.719,0.635,0.451,0.120,0.069,0.506,-0.160,-0.370,0.536,1.383,0.078,0.309,1.044
1,18,0.773,0.210,0.783,0.619,0.513,0.539,0.260,-0.190,0.357,-0.387,0.364,0.904,1.114,0.936,-0.397,-0.295,0.134,-1.729,-1.062,-0.668,-1.157,-0.848,-1.109,-1.100,-2.379,-0.526,0.406,0.178,-0.245,-1.063,-0.374,0.187,0.250,0.767,1.081,-0.044,0.905,0.580,-0.053,0.388,0.051,0.018,-0.500,0.537,0.398,0.056,0.133,0.710,-0.439,-0.519,0.400,1.455,0.265,0.696,-0.568
1,19,0.903,0.229,1.028,0.499,0.422,0.983,0.356,-0.475,0.439,-0.710,0.394,0.706,0.918,0.872,-0.336,-0.200,0.027,-1.735,-0.982,-0.900,-1.267,-0.520,-0.938,-0.718,-2.400,-0.592,0.411,0.361,-0.192,-0.967,-0.167,-0.003,0.564,0.749,1.279,0.332,0.800,0.653,-0.043,0.415,0.002,-0.186,-0.607,0.345,0.593,-0.187,0.100,0.513,-0.556,-0.366,0.261,1.371,0.693,-0.049,-0.053
1,20,0.849,-0.103,0.986,0.370,0.614,0.593,0.335,-0.354,0.525,-0.579,0.553,0.604,0.691,1.281,-0.343,-0.314,0.217,-1.768,-1.000,-0.850,-1.124,-0.832,-0.766,-1.071,-2.344,-0.650,0.262,0.301,-0.183,-0.997,-0.242,0.332,0.591,0.873,1.124,0.109,0.815,0.443,-0.189,0.484,-0.190,0.162,-0.531,0.667,0.579,-0.403,0.304,0.843,-0.362,-0.322,0.298,1.705,0.624,0.152,1.009
1,21,0.264,0.107,0.946,0.744,0.073,0.830,0.657,-0.277,0.509,-0.868,0.539,0.485,0.845,0.913,-0.379,-0.387,0.112,-1.755,-1.166,-1.044,-1.348,-0.437,-0.863,-1.060,-2.560,-0.460,0.486,0.414,-0.209,-1.024,-0.203,0.065,0.350,1.033,1.057,0.396,0.583,0.384,-0.462,0.196,-0.157,-0.096,-0.420,0.399,0.483,-0.307,0.350,1.149,-0.276,-0.273,-0.104,1.672,0.492,0.432,-0.044
1,22,0.508,0.374,0.936,0.994,-0.177,0.658,0.608,0.143,0.444,-0.495,0.304,0.805,0.686,0.715,-0.681,-0.152,-0.088,-1.528,-1.004,-0.547,-1.274,-0.777,-0.885,-0.829,-2.299,-0.204,0.386,0.430,-0.288,-0.985,-0.329,0.020,0.201,1.145,0.711,0.222,0.677,0.389,-0.296,0.566,-0.093,0.020,-0.310,0.482,0.465,-0.336,0.330,1.030,0.091,-0.248,0.083,1.535,0.562,0.321,1.221
1,23,0.630,0.327,0.725,0.773,0.180,0.585,0.596,0.030,0.522,-0.756,0.233,0.834,0.976,0.596,-0.254,-0.156,0.028,-1.905,-1.140,-0.758,-0.966,-0.771,-0.632,-0.728,-2.263,-0.661,0.212,0.306,-0.235,-1.076,-0.363,0.211,0.251,0.935,0.610,0.117,0.535,0.336,-0.210,0.534,0.108,-0.076,-0.347,0.473,0.249,-0.460,0.389,1.172,0.217,-0.457,0.005,1.407,0.786,0.185,0.003
2,0,0.688,0.392,0.982,0.805,0.165,0.414,0.507,0.244,0.404,-0.736,0.459,0.404,0.927,1.028,0.232,0.140,0.138,-1.733,-0.857,-0.606,-1.255,-0.707,-0.942,-0.713,-2.149,-1.014,0.500,0.417,-0.260,-0.964,-0.294,0.299,0.240,1.033,0.672,0.392,0.712,0.221,-0.095,0.485,-0.031,0.138,-0.297,0.415,0.358,-0.544,0.334,0.926,0.293,-0.752,-0.019,1.420,1.189,0.050,-0.152
2,1,0.522,0.594,0.299,0.673,0.289,0.589,0.382,-0.177,0.352,-0.718,0.320,0.312,0.712,0.743,0.083,0.148,0.069,-1.765,-1.089,-0.785,-0.853,-0.722,-0.965,-0.498,-2.229,-0.766,0.149,0.403,-0.258,-1.290,-0.278,0.307,0.450,1.145,0.644,0.219,0.459,0.600,-0.011,0.707,-0.232,-0.299,-0.384,0.174,0.456,-0.464,0.151,1.237,0.560,-0.673,-0.100,1.585,1.512,0.684,0.766
2,2,0.496,0.355,0.763,0.670,0.156,0.522,0.729,-0.121,0.061,-0.610,0.452,0.186,0.941,1.052,0.167,0.126,0.010,-1.931,-1.175,-0.701,-0.849,-0.551,-0.836,-0.859,-2.221,-0.710,0.001,0.332,-0.157,-1.134,-0.365,0.056,0.323,0.949,0.764,0.154,0.956,0.486,-0.233,0.434,-0.189,0.157,-0.503,0.614,0.420,-0.652,0.327,1.004,0.360,-0.568,-0.506,1.445,0.656,0.199,-0.706
2,3,0.535,0.386,0.795,0.335,0.147,0.674,0.524,-0.106,0.118,-0.364,0.644,0.633,0.761,0.714,-0.231,0.123,-0.208,-1.900,-1.258,-0.845,-1.063,-0.526,-1.205,-0.752,-2.134,-1.001,0.297,0.348,-0.318,-0.925,-0.227,0.015,0.390,0.941,0.748,0.373,0.810,0.484,-0.025,0.627,0.106,0.119,-0.209,0.244,0.400,-0.542,0.337,0.532,0.209,-0.945,-0.189,1.506,1.221,-0.692,-1.737
2,4,0.626,0.299,0.401,0.424,0.022,0.880,0.351,-0.425,-0.320,-0.773,-0.059,0.730,0.756,0.999,0.222,0.269,-0.354,-1.853,-1.115,-0.917,-0.712,-0.650,-0.684,-0.453,-2.161,-0.616,0.321,0.324,-0.287,-1.120,-0.129,-0.002,0.172,0.957,0.918,0.187,0.631,0.440,0.079,0.619,0.252,0.098,-0.284,0.477,0.389,-0.627,0.608,0.677,0.361,-0.485,-0.319,1.368,1.330,1.048,-0.607
2,5,0.589,-0.083,0.870,0.263,0.387,0.668,0.524,-0.616,-0.003,-0.905,0.236,0.902,0.983,0.670,0.039,0.208,-0.038,-1.748,-1.220,-0.971,-0.844,-0.695,-0.989,-0.819,-2.212,-0.707,0.275,0.060,-0.400,-0.968,-0.421,-0.064,0.283,0.867,0.838,0.366,0.702,0.531,0.015,0.305,-0.298,0.061,-0.224,0.487,0.591,-0.650,0.726,0.860,0.452,-0.497,-0.157,1.375,0.088,0.683,0.306
2,6,0.507,-0.102,1.092,0.432,0.248,0.766,0.416,-0.517,0.000,-0.678,-0.005,1.189,0.914,0.729,-0.323,0.499,-0.201,-1.981,-1.107,-1.182,-0.104,-0.756,-1.004,-0.532,-2.243,-0.701,0.119,0.204,0.017,-1.196,-0.252,0.268,0.313,1.019,0.974,0.251,1.055,0.499,0.166,0.699,-0.258,0.383,-0.140,0.548,0.526,-0.693,0.464,0.684,0.520,-0.099,-0.234,1.587,1.563,-0.435,0.728
2,7,0.554,0.413,0.854,0.779,0.126,1.197,0.406,-0.232,-0.088,-0.624,0.237,0.883,0.800,0.921,-0.124,0.436,0.018,-2.305,-0.943,-1.117,-0.162,-0.613,-0.857,-0.819,-2.047,-1.021,0.467,0.235,-0.276,-0.940,-0.241,0.267,0.212,1.062,0.963,0.222,0.535,0.465,-0.097,0.569,0.002,0.478,-0.442,0.578,0.507,-0.634,0.422,0.730,0.553,-0.449,-0.213,1.375,1.429,0.644,0.150
2,8,0.623,0.376,0.680,0.824,0.588,0.809,0.453,-0.212,0.041,-0.801,0.284,0.748,0.777,1.048,-0.179,0.533,-0.129,-2.075,-0.859,-1.074,-0.190,-0.835,-0.789,-0.203,-2.172,-0.813,0.318,0.234,-0.147,-1.108,-0.354,0.020,0.555,0.808,1.353,0.239,0.599,0.694,0.176,0.550,-0.000,0.148,-0.489,0.385,0.545,-0.893,0.468,0.817,0.692,-0.504,-0.111,1.659,1.097,0.221,-0.627
2,9,0.690,0.121,0.939,0.666,0.403,0.945,0.328,0.055,-0.041,-0.339,0.337,0.965,1.162,0.788,-0.212,0.321,-0.319,-1.861,-0.845,-0.676,-0.576,-0.911,-0.937,-0.916,-2.339,-1.082,0.229,0.391,-0.070,-1.034,-0.294,0.045,0.679,0.918,1.009,0.638,0.705,0.539,0.189,0.536,0.354,-0.008,-0.364,0.182,0.704,-0.772,0.358,0.596,0.692,-0.360,0.336,1.574,-0.019,0.979,0.245
2,10,0.600,0.635,0.595,0.653,0.668,0.781,0.233,0.125,-0.018,-0.493,0.286,0.737,0.907,1.023,0.335,0.405,-0.070,-2.227,-0.884,-0.766,-0.513,-0.827,-1.182,-0.015,-2.356,-0.881,0.224,0.174,-0.025,-1.226,-0.412,-0.161,0.209,0.722,1.039,0.146,0.663,0.588,0.061,0.826,-0.111,0.207,-0.011,0.438,0.562,-0.472,0.307,0.777,0.418,-0.520,-0.377,1.635,1.359,0.701,-0.978
2,11,0.481,0.303,0.793,0.745,-0.047,0.447,0.510,-0.044,0.186,-0.675,0.409,1.239,0.671,0.821,0.358,0.404,0.055,-1.638,-1.020,-1.156,-1.022,-0.747,-1.153,-0.397,-2.432,-0.967,0.181,0.213,-0.132,-1.092,-0.480,0.158,0.323,0.390,0.754,0.514,0.701,0.590,-0.205,0.698,-0.284,-0.027,-0.385,-0.016,0.432,-0.815,0.296,0.727,0.302,-1.047,-0.009,1.513,1.139,0.183,0.780
2,12,0.567,0.764,0.814,0.525,0.187,0.928,0.340,0.117,-0.045,-0.927,0.521,0.980,0.758,0.676,0.739,0.245,-0.043,-1.904,-0.789,-0.574,-0.632,-0.734,-0.966,-0.329,-2.423,-0.776,0.177,0.226,-0.391,-1.153,-0.331,0.336,0.212,1.044,0.938,0.511,0.613,0.346,0.066,0.517,-0.281,-0.346,-0.328,-0.050,0.473,-0.713,0.294,0.842,0.335,-0.995,0.039,1.684,1.259,0.058,-0.023
2,13,0.620,0.272,0.902,0.424,0.290,1.045,0.358,-0.036,0.265,-0.506,0.330,1.080,1.117,0.767,0.670,0.497,-0.092,-2.026,-0.755,-0.299,-0.830,-0.524,-1.029,-0.123,-2.562,-0.586,0.401,0.232,-0.340,-1.235,-0.433,0.030,0.309,1.103,0.731,0.355,0.652,0.578,0.049,0.639,-0.057,-0.417,-0.465,0.293,0.423,-0.683,0.294,0.761,-0.302,-0.324,0.253,1.445,0.006,0.760,0.299
2,14,0.671,0.165,0.652,0.547,0.216,0.840,0.319,0.013,-0.018,-0.874,0.540,0.959,1.213,0.623,0.119,0.333,0.002,-2.067,-0.664,-0.242,-0.651,-0.656,-1.106,-0.255,-2.657,-0.592,0.666,0.249,-0.291,-1.163,-0.272,0.242,0.232,0.966,1.018,0.380,0.636,0.576,-0.039,0.715,-0.290,-0.197,-0.634,0.396,0.359,-0.346,0.250,0.896,-0.836,-0.506,0.191,1.456,0.825,0.659,1.368
2,15,0.591,0.501,0.549,0.512,0.165,0.826,0.346,0.001,0.315,-1.156,0.962,0.316,0.895,0.800,0.159,-0.036,0.186,-1.849,-0.823,-0.527,-0.539,-0.866,-1.164,-0.350,-2.564,-0.207,0.645,0.259,-0.251,-1.167,-0.425,-0.191,0.241,0.688,0.597,0.277,0.562,0.594,-0.258,0.531,-0.265,-0.035,-0.334,0.178,0.559,-0.451,0.421,0.900,-0.055,-0.633,-0.045,1.770,0.057,0.833,1.217
2,16,0.692,0.397,0.710,1.113,0.177,0.569,0.409,-0.146,0.418,-0.972,0.815,0.275,0.684,0.818,0.165,0.175,0.214,-1.899,-1.043,-0.370,-0.055,-0.829,-1.044,-0.639,-2.520,-0.382,0.544,0.187,-0.390,-0.748,-0.380,-0.250,0.302,0.979,1.061,0.298,0.768,0.888,-0.174,0.460,0.023,0.064,-0.631,0.274,0.336,-0.270,0.291,0.688,0.301,-0.468,0.270,1.598,1.161,0.317,-0.678
2,17,0.816,-0.106,0.787,0.789,0.367,0.483,0.571,-0.334,0.278,-0.664,0.462,0.681,1.030,0.745,-0.166,-0.278,-0.058,-1.796,-0.988,-0.630,-1.163,-0.852,-1.195,-0.757,-2.328,-0.492,0.664,0.114,-0.198,-1.092,-0.287,-0.212,0.104,1.214,1.338,0.129,0.615,0.649,-0.262,0.565,0.205,-0.208,-0.539,0.678,0.592,-0.467,0.148,0.797,0.040,-0.390,-0.163,1.460,0.399,-0.463,0.674
2,18,0.676,0.276,0.773,0.713,0.477,0.617,0.493,-0.441,-0.008,-1.040,0.605,0.690,0.914,1.073,-0.116,-0.145,-0.116,-1.881,-0.758,-0.799,-1.000,-0.783,-1.256,-0.848,-2.278,-0.227,0.444,0.113,-0.196,-1.124,-0.422,-0.069,0.203,1.129,1.103,0.377,0.674,0.752,0.022,0.551,0.122,0.052,-0.536,0.738,0.453,-0.202,0.148,0.606,0.153,-0.192,-0.060,1.554,1.195,0.086,-0.419
2,19,0.861,0.320,0.731,0.499,0.466,0.584,0.445,-0.250,0.490,-0.936,0.502,0.819,0.916,1.063,-0.080,-0.201,0.108,-1.954,-0.959,-0.744,-0.919,-0.746,-1.172,-0.581,-2.133,-0.398,0.581,0.262,-0.205,-0.973,-0.344,-0.081,0.025,1.078,1.158,0.522,0.701,0.784,0.130,0.479,0.137,0.035,-0.346,0.660,0.367,-0.007,0.058,0.419,0.304,-0.097,-0.141,1.627,1.400,0.082,1.117
2,20,0.611,0.263,0.822,0.757,0.505,0.683,0.351,-0.225,0.123,-0.889,0.555,0.814,1.032,0.905,0.218,0.037,-0.188,-1.711,-0.863,-0.775,-1.557,-0.720,-1.153,-0.521,-2.127,-0.125,0.555,0.349,-0.201,-1.091,-0.318,0.183,0.268,1.231,1.358,0.300,0.826,0.720,-0.110,0.605,0.061,-0.250,-0.070,0.469,0.467,0.435,0.196,0.498,-0.011,0.048,-0.096,1.312,1.416,0.210,0.761
2,21,0.837,0.184,0.681,0.849,0.607,0.685,-0.169,-0.088,0.368,-0.619,0.565,0.794,1.009,1.025,-0.046,0.064,-0.018,-1.766,-0.980,-0.930,-0.764,-0.643,-1.250,-0.552,-2.060,-0.241,0.539,0.108,-0.110,-1.155,-0.562,0.325,0.360,1.525,0.946,0.377,0.740,0.756,0.097,0.399,0.088,0.152,-0.159,0.466,0.626,0.910,0.384,0.691,0.129,-0.159,-0.312,1.506,1.261,-0.077,-0.386
2,22,0.910,0.199,0.805,0.458,0.511,0.789,-0.230,-0.272,0.411,-0.944,0.503,0.970,0.859,1.122,0.068,0.124,0.166,-1.895,-0.846,-1.006,-1.334,-0.612,-1.233,-0.647,-2.064,-0.276,0.526,0.234,-0.085,-1.142,-0.312,0.328,0.746,1.551,1.154,0.181,0.762,0.787,-0.103,0.294,0.001,-0.481,0.002,0.444,0.564,0.382,0.123,0.565,0.018,-0.068,-0.307,1.450,1.077,0.014,-0.235
2,23,0.738,0.284,0.846,0.774,0.364,0.793,-0.077,-0.336,0.465,-0.650,0.596,1.028,0.893,0.872,-0.175,0.080,0.008,-1.735,-0.999,-0.577,-0.547,-0.889,-1.192,-0.649,-2.163,-0.235,0.348,0.373,-0.243,-0.891,-0.073,0.161,0.691,1.281,0.978,0.457,0.699,0.736,-0.080,0.155,0.103,-0.141,-0.032,0.662,0.359,-0.766,0.183,0.600,0.280,-0.087,0.056,1.554,0.878,0.005,0.112
3,0,0.446,0.224,0.607,0.539,0.573,0.557,0.072,-0.356,0.444,-1.087,0.632,0.667,0.864,1.111,-0.086,0.089,0.080,-2.009,-0.831,-0.738,-0.489,-0.677,-1.257,-0.562,-1.953,-0.184,0.425,0.293,-0.220,-0.973,-0.273,0.078,0.520,1.343,0.966,0.184,0.896,0.901,0.215,0.223,0.291,-0.209,0.062,0.518,0.375,-0.583,0.093,0.537,0.045,-0.042,0.112,1.284,0.731,0.162,-0.221
3,1,0.506,0.253,0.674,0.796,0.314,0.719,0.018,-0.533,0.229,-0.784,0.451,0.929,0.783,0.964,-0.019,0.710,-0.129,-1.902,-1.029,-0.630,-0.287,-0.579,-1.126,-0.764,-1.858,-0.131,0.280,0.345,-0.149,-1.015,-0.345,-0.133,0.352,1.341,1.014,0.371,0.741,0.665,-0.216,0.139,0.247,-0.131,-0.132,0.642,0.405,-0.517,0.068,0.568,0.283,-0.042,-0.213,1.432,0.870,0.385,0.418
3,2,0.585,0.086,0.860,0.725,0.505,0.724,0.162,-0.519,0.330,-1.185,0.379,0.888,0.935,1.194,0.028,0.029,0.043,-1.899,-1.032,-1.059,-0.685,-0.554,-1.221,-0.549,-2.066,-0.169,0.286,0.540,-0.219,-0.985,-0.375,-0.089,0.311,1.467,0.715,0.363,0.801,0.682,-0.116,0.346,0.474,-0.210,-0.308,0.516,0.405,-0.444,0.201,0.627,0.309,0.009,-0.156,1.418,1.184,0.105,-1.054
3,3,0.334,0.047,0.659,0.834,0.235,0.755,0.321,-0.605,0.185,-0.648,0.400,0.777,0.785,1.147,0.020,-0.442,0.121,-1.706,-1.001,-0.987,-0.754,-0.571,-1.061,-0.596,-1.922,-0.533,0.206,0.503,-0.306,-0.915,-0.293,-0.070,0.369,1.438,1.307,0.191,0.640,0.794,-0.020,0.517,0.499,-0.118,-0.285,0.452,0.261,-0.560,0.357,0.757,0.131,-0.271,-0.297,1.589,0.336,0.334,0.684
3,4,0.624,0.383,0.876,0.627,0.375,0.616,0.128,-0.531,0.286,-1.197,0.284,0.768,0.513,0.879,0.202,-0.151,-0.013,-1.836,-1.341,-0.991,-0.543,-0.422,-1.236,-0.596,-1.822,-0.767,0.245,0.522,-0.387,-0.831,-0.323,-0.088,0.453,1.204,0.692,0.275,0.714,0.709,0.114,0.511,0.488,-0.164,-0.188,0.349,0.425,-0.706,0.246,0.757,0.361,-0.458,-0.101,1.670,0.354,-0.032,1.381
3,5,0.390,0.333,0.868,0.905,0.227,0.564,-0.435,-0.335,0.305,-0.891,0.481,0.995,0.489,1.161,-0.105,-0.226,0.139,-1.846,-0.989,-1.142,-0.488,-0.636,-1.004,-0.742,-1.990,-0.340,0.788,0.633,-0.272,-1.081,-0.697,-0.214,0.183,1.205,0.854,0.075,0.748,0.576,0.011,0.614,0.300,-0.189,-0.124,0.699,0.156,-0.845,0.310,0.500,0.086,-0.322,-0.342,1.471,1.842,-0.074,0.834
3,6,0.180,0.298,0.565,0.767,0.574,0.566,0.034,-0.343,0.323,-1.553,0.126,1.359,1.095,1.167,0.310,-0.576,-0.085,-1.983,-1.091,-1.159,-0.459,-0.684,-0.842,-1.027,-2.087,-0.664,0.590,0.201,-0.485,-1.022,-0.434,-0.215,0.108,1.227,0.741,0.214,0.630,0.708,0.272,0.708,0.297,-0.180,-0.379,0.700,0.611,-0.882,0.368,0.325,0.185,-0.220,0.045,1.489,0.022,-0.161,-0.712
3,7,0.552,0.415,0.523,0.977,0.420,0.772,0.032,-0.411,0.510,-0.878,0.342,0.787,0.675,0.907,0.218,-0.271,-0.119,-1.667,-1.202,-0.995,-0.516,-0.623,-1.323,-0.561,-2.050,-0.446,0.674,0.565,-0.147,-1.195,-0.246,-0.199,0.100,1.636,0.797,0.477,0.919,0.623,-0.023,0.639,0.067,0.004,-0.098,0.092,0.483,-0.991,0.254,0.559,0.186,-0.070,-0.176,1.387,-0.098,0.572,0.359
3,8,0.548,1.119,0.894,1.274,0.082,0.752,-0.086,-0.380,0.444,-1.022,0.433,1.171,0.729,1.089,-0.176,-0.200,-0.480,-1.587,-0.925,-0.819,-0.685,-0.564,-1.392,-0.356,-2.253,-0.550,0.466,0.527,-0.036,-0.978,-0.247,-0.239,0.212,1.439,0.767,0.153,0.806,0.656,0.339,0.567,0.341,-0.335,0.137,0.278,0.424,-0.803,0.164,0.438,0.228,0.249,-0.327,1.532,0.997,0.004,0.340
3,9,0.415,0.158,0.799,1.026,0.439,0.813,0.224,-0.226,0.297,-0.588,0.108,1.074,0.807,1.244,0.108,-0.934,0.123,-1.991,-0.781,-1.159,-0.486,-0.614,-1.082,-0.937,-2.146,-0.377,0.509,0.751,-0.372,-1.176,-0.231,-0.278,-0.207,1.288,0.671,0.158,1.019,0.777,0.193,0.589,0.380,0.235,-0.189,0.889,0.398,-0.581,0.502,0.702,0.838,-0.263,-0.045,1.246,-1.618,0.004,0.787
3,10,0.434,0.415,0.349,1.229,0.131,0.848,0.331,-0.197,0.942,-0.859,0.264,1.025,1.053,0.766,-0.106,-0.374,-0.130,-1.741,-1.046,-1.460,-0.567,-1.131,-1.271,-0.782,-2.432,-0.631,0.500,-0.026,-0.350,-1.172,-0.350,-0.288,-0.260,1.292,0.622,-0.092,0.500,0.910,0.127,0.561,0.464,0.486,-0.406,0.557,0.357,-0.820,0.146,0.813,0.621,0.054,0.249,1.589,0.980,0.024,0.116
3,11,0.152,0.666,0.830,0.635,0.415,0.826,0.513,-0.255,0.528,-0.842,0.334,1.162,0.972,1.166,-0.132,-0.270,0.248,-1.920,-1.077,-1.107,-0.496,-0.869,-1.074,-1.241,-2.301,-0.657,0.600,0.417,0.073,-1.275,-0.466,-0.161,0.019,1.796,0.902,0.225,0.600,0.730,-0.070,0.272,0.013,0.045,-0.146,0.195,0.217,-0.724,0.407,0.644,0.014,0.073,0.567,1.697,2.567,0.107,-0.350
3,12,0.519,0.222,0.595,0.970,0.378,1.077,0.451,-0.411,0.536,-0.909,0.440,1.080,0.645,0.773,0.169,0.008,-0.028,-1.927,-0.945,-1.491,-0.442,-1.045,-0.986,-0.539,-2.319,-0.482,0.415,0.688,-0.379,-0.910,-0.373,-0.125,0.037,1.860,1.128,0.075,0.815,0.864,-0.003,0.663,0.281,0.167,-0.109,0.442,0.727,-0.792,0.553,0.667,-0.267,-0.165,0.265,1.328,-0.286,-0.096,-1.289
3,13,0.359,0.517,0.589,1.106,0.244,0.818,0.543,-0.378,0.551,-0.945,0.410,0.432,0.808,1.061,-0.157,-0.169,-0.198,-1.772,-0.972,-1.117,-0.301,-0.885,-1.340,-1.098,-2.343,-0.630,0.610,0.352,-0.384,-0.969,-0.178,0.194,-0.120,0.650,1.361,0.104,0.710,0.564,0.208,0.701,0.142,-0.033,-0.281,0.366,0.378,-0.910,0.260,1.035,0.381,-0.191,0.144,1.508,-0.342,-0.106,-0.143
3,14,0.574,0.124,0.599,0.928,0.455,0.950,0.447,-0.375,0.447,-1.007,0.165,0.785,0.564,0.856,-0.504,-0.034,0.203,-1.777,-0.983,-0.961,-0.243,-0.637,-1.282,-1.037,-2.485,-0.558,0.439,0.671,-0.280,-1.015,-0.357,0.563,0.455,1.091,1.327,0.186,0.557,0.725,0.058,0.461,0.089,-0.440,-0.226,0.253,0.306,-0.907,0.452,1.017,-0.262,-0.121,0.085,1.548,1.432,0.022,0.316
3,15,0.711,0.391,0.641,0.611,0.212,0.697,0.525,-0.447,0.455,-0.767,0.181,0.638,0.432,1.014,-0.124,-0.316,-0.014,-1.831,-0.988,-1.072,-0.014,-0.853,-0.743,-1.000,-2.151,-0.740,0.146,0.563,-0.658,-0.657,-0.216,0.622,0.404,1.365,1.212,0.329,0.681,0.564,-0.154,0.399,-0.058,0.107,-0.213,0.239,0.477,-0.723,0.311,0.803,-0.150,0.116,0.543,1.366,0.336,0.186,1.032
3,16,0.598,0.445,0.753,0.789,0.469,0.658,0.498,-0.520,0.316,-0.877,0.290,1.052,0.879,0.895,-0.558,-0.533,0.098,-1.934,-0.994,-1.141,-0.357,-0.728,-1.095,-0.678,-2.369,-0.512,0.339,0.137,-0.470,-0.830,-0.069,0.467,0.272,1.233,0.946,0.248,0.534,0.911,-0.011,0.804,0.081,-0.212,-0.073,0.370,0.609,-0.710,0.327,0.731,0.035,-0.178,-0.097,1.495,0.836,0.772,1.236
3,17,0.747,0.425,0.735,0.931,0.438,0.648,0.591,-0.128,0.566,-0.705,0.900,1.017,1.328,0.803,-0.324,-0.535,-0.111,-1.847,-1.057,-0.839,-0.533,-0.719,-1.194,-0.556,-2.336,-0.533,0.457,0.285,-0.320,-0.927,-0.215,0.260,0.118,1.181,1.269,0.409,0.552,0.601,0.205,0.293,0.137,0.273,-0.210,0.554,0.611,-0.837,0.442,0.836,-0.040,0.193,-0.223,1.355,1.471,1.038,-0.361
3,18,0.744,0.290,0.911,0.574,0.639,0.589,0.344,-0.372,0.251,-0.907,0.485,1.149,0.922,0.941,0.358,-0.430,0.061,-1.901,-0.922,-0.873,-0.777,-0.553,-1.152,-0.565,-2.325,-0.473,0.310,0.231,-0.297,-1.017,-0.202,0.424,0.187,1.118,1.020,0.300,0.490,0.705,-0.255,0.582,-0.014,-0.049,-0.391,0.545,0.351,-0.748,0.284,0.734,0.151,-0.079,-0.268,1.426,0.572,0.302,-0.782
3,19,0.582,0.272,0.786,0.767,0.635,0.664,0.569,-0.306,0.255,-0.607,0.495,0.605,0.760,0.862,0.125,-0.423,0.025,-1.858,-0.980,-1.111,-1.155,-0.805,-0.922,-0.694,-2.288,-0.354,0.394,0.097,-0.110,-0.928,-0.401,0.103,0.110,1.352,1.065,0.256,0.598,0.667,-0.100,0.244,-0.146,0.143,-0.072,0.478,0.419,-0.470,0.453,0.880,-0.108,-0.102,-0.001,1.463,1.091,0.740,-0.072
3,20,0.661,0.121,0.769,0.984,0.956,0.850,0.401,-0.755,0.252,-0.713,0.414,0.799,0.941,0.941,-0.215,-0.352,-0.071,-1.825,-0.564,-1.014,-0.749,-0.691,-0.909,-0.854,-2.232,-0.738,0.298,0.306,-0.208,-0.808,-0.359,0.215,-0.067,1.318,0.923,0.282,0.551,0.713,-0.222,0.380,-0.020,-0.110,-0.148,0.507,0.364,-0.446,0.486,0.698,-0.002,-0.532,-0.319,1.375,0.036,0.142,-0.245
3,21,0.406,0.511,0.631,0.660,0.195,0.736,0.623,-0.322,0.561,-0.585,0.397,0.882,0.788,0.957,-0.349,-0.572,-0.177,-1.886,-1.025,-1.085,-1.047,-0.911,-1.228,-0.849,-2.266,-0.438,0.352,0.416,-0.067,-0.892,-0.196,0.237,0.048,1.330,0.805,0.119,0.752,0.529,-0.113,0.410,-0.135,-0.296,-0.156,0.462,0.495,-0.222,0.322,0.792,-0.154,-0.233,-0.096,1.299,0.197,0.364,0.153
3,22,0.297,0.393,0.577,0.739,0.227,0.694,0.553,-0.130,0.200,-0.762,0.532,0.879,0.702,0.952,-0.268,-0.199,-0.153,-1.661,-1.109,-0.909,-0.918,-0.707,-1.176,-0.854,-2.089,-0.654,0.260,0.434,-0.430,-0.970,-0.495,0.095,-0.190,1.124,0.869,0.223,0.573,0.625,-0.282,0.333,-0.318,-0.344,-0.460,0.580,0.399,-0.279,0.203,0.574,-0.049,-0.313,-0.249,1.641,-0.599,0.493,0.855
3,23,0.253,0.387,0.669,0.485,-0.007,0.843,0.645,-0.159,0.442,-0.680,0.631,0.924,0.822,1.067,-0.594,-0.207,-0.200,-1.772,-1.027,-0.683,-0.945,-0.759,-0.922,-0.795,-2.042,-0.142,0.304,0.366,-0.328,-0.992,-0.283,0.292,-0.105,0.962,0.530,0.106,0.822,0.655,-0.062,0.310,-0.241,-0.324,-0.538,0.712,0.488,0.034,0.489,0.710,-0.195,-0.207,-0.258,1.425,0.800,0.813,-0.278
4,0,0.733,0.658,0.479,0.959,0.187,0.527,0.679,-0.149,0.555,-0.838,0.596,1.052,0.728,1.021,-0.535,-0.640,-0.268,-1.768,-0.740,-0.620,-1.011,-0.638,-1.049,-0.828,-1.953,-0.634,0.361,0.295,-0.332,-1.059,-0.330,0.174,-0.094,1.044,0.826,0.433,0.616,0.699,-0.148,0.380,-0.246,-0.072,-0.562,0.636,0.416,-0.056,0.217,0.794,-0.106,-0.085,-0.123,1.468,0.804,0.330,0.366
4,1,0.628,0.473,0.622,0.530,0.291,0.595,0.560,-0.203,0.406,-0.967,0.430,0.666,0.966,1.120,-0.040,-0.512,-0.146,-2.090,-0.870,-0.735,-0.948,-0.571,-1.175,-1.090,-1.690,-0.492,0.470,0.191,-0.289,-1.108,-0.326,-0.105,0.813,1.117,1.032,0.236,0.489,0.607,0.136,0.338,0.119,-0.042,-0.294,0.117,0.083,-0.076,0.352,0.736,0.036,-0.379,-0.298,1.482,0.898,0.823,0.123
4,2,0.414,0.220,0.511,0.690,0.301,0.596,0.546,-0.098,0.045,-1.039,0.413,0.989,0.416,1.314,-0.072,-0.072,-0.219,-1.977,-1.139,-1.014,-0.627,-0.670,-1.120,-1.005,-1.948,-0.148,0.221,0.368,-0.243,-1.431,-0.284,0.064,0.573,0.881,0.939,0.211,0.646,0.584,-0.047,0.439,0.124,-0.217,-0.480,0.608,0.440,-0.154,0.310,0.654,0.037,-0.110,-0.242,1.408,0.061,0.461,0.822
4,3,0.707,0.247,0.461,0.269,0.237,0.804,0.446,0.179,0.395,-0.969,0.594,0.871,0.288,1.221,0.054,-0.343,-0.229,-1.583,-0.867,-0.799,-0.667,-0.965,-1.013,-1.013,-1.945,-0.735,0.405,0.322,-0.290,-0.974,-0.375,-0.188,0.406,0.910,0.796,0.406,0.623,0.479,-0.022,0.451,0.141,0.010,-0.652,0.263,0.385,-0.542,0.391,0.700,-0.114,-0.061,-0.359,1.382,0.820,0.233,0.619
4,4,0.872,0.225,0.433,0.025,0.399,0.806,0.458,-0.782,0.248,-0.944,0.328,0.831,0.236,1.350,0.049,-0.668,-0.372,-1.803,-0.710,-0.960,-0.805,-1.066,-0.938,-1.023,-1.802,-0.272,0.144,0.183,-0.281,-1.022,-0.611,0.324,0.643,1.075,0.995,0.362,0.491,0.329,-0.058,0.705,0.091,-0.006,-0.508,0.128,0.259,-0.795,0.687,0.711,-0.014,-0.180,-0.382,1.438,0.908,1.042,1.183
4,5,0.242,0.043,0.450,0.388,0.170,0.805,0.327,-0.278,0.137,-0.917,0.389,0.923,0.473,1.047,0.000,-0.316,-0.035,-1.756,-0.826,-1.162,-0.700,-0.778,-0.751,-1.011,-1.983,-0.390,0.081,0.209,-0.273,-1.357,-0.367,0.167,0.319,0.636,0.901,0.419,0.603,0.383,-0.227,0.267,-0.026,-0.056,-0.333,0.075,0.333,-0.470,0.306,0.951,0.049,-0.433,-0.225,1.415,0.744,1.184,-0.908
4,6,0.253,-0.101,0.787,0.449,0.607,0.764,0.391,-0.590,0.166,-0.850,0.389,0.718,0.376,1.281,-0.464,0.159,-0.157,-1.897,-0.908,-1.361,-0.855,-1.094,-0.469,-0.965,-1.967,-0.813,0.230,0.118,-0.417,-1.108,-0.264,0.185,0.513,0.896,0.454,0.548,0.530,0.500,-0.127,0.078,0.110,-0.108,-0.200,0.209,0.320,-0.518,0.664,0.640,0.111,-0.426,-0.177,1.489,0.921,0.026,2.350
4,7,0.759,0.578,0.640,0.356,0.752,0.747,0.499,-0.514,0.191,-0.884,0.824,0.508,0.251,0.986,-0.936,-0.471,-0.051,-1.686,-0.696,-1.171,-1.180,-0.828,-1.024,-0.815,-1.892,-0.755,0.492,0.086,-0.469,-1.002,-0.412,0.158,1.298,1.039,0.830,0.389,0.380,0.328,-0.297,0.156,-0.247,-0.157,-0.211,0.320,0.358,-0.328,0.246,0.778,0.024,-0.524,-0.682,1.604,0.800,-0.162,-0.488
4,8,0.670,-0.046,0.545,0.261,0.669,0.725,0.113,-0.400,0.323,-0.626,0.231,0.722,0.317,1.044,-0.363,-0.333,-0.391,-1.815,-0.823,-1.174,-1.138,-0.750,-0.942,-0.939,-2.231,-0.691,0.328,0.279,-0.271,-1.035,-0.411,0.234,-0.036,0.903,0.746,0.367,0.721,0.310,-0.215,0.460,0.161,-0.693,-0.341,-0.135,0.074,-0.276,0.221,1.010,0.385,-0.126,-0.315,1.716,0.466,0.206,-0.173
4,9,0.323,0.103,0.533,0.768,0.561,0.926,0.317,-0.557,0.263,-0.997,0.458,0.623,0.710,1.323,-0.827,-0.082,-0.492,-1.872,-0.977,-1.508,-0.480,-0.664,-1.753,-0.683,-2.019,-0.699,-0.102,0.615,-0.350,-0.708,-0.700,0.236,0.399,0.942,1.136,0.380,0.789,0.524,0.086,0.617,0.302,-0.153,-0.411,0.423,-0.041,-0.321,0.437,1.041,0.055,-0.381,-0.533,1.773,0.856,0.379,0.390
4,10,0.595,0.457,0.619,0.557,0.828,0.841,0.427,-0.930,0.584,-0.947,0.336,0.767,0.419,1.015,-0.851,-0.389,-0.242,-2.008,-1.222,-1.178,-0.930,-0.594,-1.500,-0.652,-2.158,-0.764,0.050,0.151,-0.547,-0.997,-0.239,0.213,0.809,1.123,0.992,-0.236,0.478,0.395,-0.212,0.614,0.206,-0.112,-0.117,0.554,0.281,-0.318,0.612,-0.040,0.257,-0.179,-0.096,1.891,1.041,-0.554,-0.095
4,11,0.604,-0.214,0.665,0.281,0.838,0.830,0.423,-0.908,0.350,-0.955,0.134,0.596,0.625,1.182,-0.490,-0.355,-0.217,-1.618,-0.642,-0.673,-1.185,-0.643,-1.314,-0.853,-2.255,-0.671,0.098,0.182,-0.192,-1.016,-0.411,0.214,0.624,0.876,0.678,-0.031,0.399,0.567,-0.137,0.372,0.115,-0.417,-0.455,0.542,0.277,-0.222,-0.107,0.418,-0.050,-0.308,-0.014,1.339,1.525,-0.246,-0.707
4,12,0.518,-0.137,0.662,0.300,0.084,0.715,0.053,-0.895,0.139,-0.678,-0.248,1.291,0.228,1.031,-0.481,-0.119,-0.142,-1.923,-1.024,-0.629,-1.049,-0.589,-0.986,-0.944,-2.320,-0.689,0.491,0.298,-0.507,-0.825,-0.415,-0.099,0.181,1.209,0.449,0.485,0.432,0.386,-0.061,0.326,0.106,-0.333,-0.251,0.408,0.347,-0.429,-0.050,0.495,-0.087,-0.560,0.009,1.370,1.253,0.355,-0.724
4,13,0.465,0.230,0.653,0.478,0.194,0.783,0.558,-0.350,-0.037,-1.057,0.540,0.944,0.603,1.417,-0.711,-0.524,0.006,-1.715,-0.732,-1.006,-1.378,-0.788,-0.933,-1.041,-2.416,-0.672,0.293,0.166,-0.460,-0.939,-0.349,0.034,0.037,0.899,0.416,0.087,0.588,0.518,-0.290,0.340,0.049,-0.150,-0.270,0.410,0.333,-0.483,0.316,0.363,0.173,-0.430,0.036,1.433,1.069,-0.408,-0.505
4,14,0.673,-0.026,0.664,0.511,0.236,0.739,0.468,-0.753,-0.044,-0.566,0.489,1.033,0.504,1.051,-0.509,-0.350,-0.108,-1.727,-1.124,-0.657,-1.278,-0.788,-1.218,-1.144,-2.256,-0.750,0.309,0.250,-0.382,-1.257,-0.344,0.074,-0.215,1.178,0.634,0.248,0.559,0.534,0.272,0.417,0.042,0.166,-0.461,0.324,0.446,-0.557,0.430,0.861,0.246,-0.045,-0.151,1.478,0.999,0.978,0.444
4,15,0.508,0.263,0.856,0.632,0.306,0.950,0.641,-0.639,0.103,-0.516,0.662,0.919,0.927,1.089,-0.202,-0.013,-0.030,-1.786,-0.729,-0.590,-1.304,-0.705,-0.977,-0.891,-2.248,-0.678,0.207,0.100,-0.204,-0.954,-0.259,0.123,-0.303,1.309,0.429,0.489,0.491,0.410,-0.202,0.495,0.102,0.005,-0.225,0.520,0.455,-0.521,0.370,0.698,0.172,-0.275,-0.299,1.608,1.603,0.473,0.369
4,16,0.610,0.298,1.114,0.778,0.129,0.477,0.760,-0.050,0.245,-0.863,0.977,0.900,0.925,1.130,0.282,0.247,-0.070,-1.865,-1.066,-0.900,-1.650,-0.655,-1.303,-1.013,-2.505,-0.629,0.553,0.201,0.149,-1.012,-0.357,0.309,-0.336,1.176,0.884,0.174,0.601,0.510,-0.045,0.234,0.139,-0.110,-0.210,0.767,0.504,-0.272,0.422,0.788,0.244,-0.284,-0.543,1.504,1.870,1.162,-0.448
4,17,0.665,0.263,1.027,0.637,-0.027,0.715,0.676,-0.416,0.248,-0.748,1.019,0.610,0.786,1.152,0.635,0.263,-0.107,-1.766,-0.671,-0.317,-1.330,-0.520,-1.229,-1.090,-2.530,-0.801,0.308,0.081,-0.090,-0.881,-0.240,-0.268,-0.265,0.997,1.000,0.370,0.776,0.429,-0.245,0.279,0.156,0.134,-0.155,0.647,0.372,-0.415,0.384,0.592,0.009,-0.351,-0.264,1.598,1.027,0.121,0.609
4,18,0.730,0.241,1.049,0.551,0.134,0.843,0.490,-0.121,0.226,-0.719,0.960,0.833,0.881,1.073,1.036,0.251,0.008,-1.883,-0.904,-0.657,-1.103,-0.515,-1.194,-1.047,-2.392,-0.684,0.230,0.172,0.069,-0.818,-0.267,-0.092,-0.020,0.926,0.750,0.480,0.535,0.551,-0.259,0.268,0.045,0.189,-0.284,0.526,0.160,-0.470,0.233,0.257,0.414,-0.441,0.061,1.678,1.454,0.132,0.073
4,19,0.463,0.023,1.087,0.442,0.265,0.790,0.209,-0.523,0.352,-0.420,0.793,0.670,0.802,1.021,1.124,0.270,-0.058,-1.740,-0.669,-0.726,-0.761,-0.856,-1.160,-0.828,-2.400,-1.001,0.271,0.130,-0.256,-0.870,-0.251,0.103,0.119,0.975,0.483,0.121,0.648,0.526,-0.206,0.457,-0.020,0.385,-0.335,0.776,0.382,-0.009,0.194,0.504,0.109,-0.414,-0.454,1.582,2.126,0.619,0.636
4,20,0.543,0.665,1.130,0.865,0.383,1.127,0.499,-0.216,0.242,-0.395,0.439,1.240,0.907,1.186,0.917,-0.174,-0.116,-1.871,-0.837,-0.593,-0.506,-0.663,-0.966,-0.774,-2.177,-0.462,0.226,0.032,-0.073,-0.962,-0.279,0.314,-0.026,0.817,0.996,0.136,0.834,0.645,-0.161,0.182,-0.196,0.346,-0.251,1.113,0.476,-0.228,0.212,0.576,0.173,-0.178,-0.669,1.485,1.671,0.142,-0.053
4,21,0.176,0.183,1.091,0.709,0.275,0.950,-0.063,-0.276,0.508,-0.563,0.777,0.489,1.062,1.056,0.181,0.002,-0.178,-1.749,-0.816,-0.378,-0.441,-0.674,-1.149,-0.744,-2.421,-0.613,0.111,-0.021,0.069,-1.081,-0.319,0.468,0.142,1.019,1.346,0.289,0.844,0.461,-0.077,0.409,-0.031,0.521,-0.168,1.046,0.445,-0.571,0.526,0.561,0.405,-0.391,-0.284,1.590,1.468,0.101,2.439
4,22,0.426,0.061,0.995,0.663,0.352,0.902,-0.039,-0.478,0.170,-0.731,0.679,0.687,1.241,0.943,-0.392,0.111,-0.218,-1.735,-0.789,-0.637,-0.291,-0.756,-1.185,-0.859,-2.427,-0.793,0.158,-0.107,0.011,-1.279,-0.269,0.319,0.147,1.217,0.718,0.387,0.841,0.421,-0.014,0.253,-0.074,0.421,-0.297,0.739,0.423,-0.034,0.474,0.673,0.136,-0.421,-0.273,1.492,1.129,0.037,0.220
4,23,0.453,-0.006,1.005,0.415,0.386,0.730,0.193,-0.471,0.245,-0.823,0.641,1.211,0.710,1.036,-0.625,0.202,-0.077,-1.767,-0.674,-0.660,-0.258,-0.590,-1.253,-0.917,-2.579,-0.628,0.331,-0.124,-0.316,-0.966,-0.365,0.400,0.175,0.918,0.740,0.318,0.437,0.520,0.090,0.480,0.031,0.207,-0.245,0.871,0.572,-0.279,0.376,0.874,0.253,-0.104,-0.347,1.540,1.568,0.185,-0.850
5,0,0.562,0.096,0.776,0.568,0.501,0.743,0.352,-0.783,0.252,-0.682,0.620,1.215,0.675,1.143,-0.681,0.048,-0.206,-1.830,-0.646,-0.819,-0.584,-0.854,-0.900,-1.080,-2.016,-0.108,0.066,0.080,-0.181,-1.077,-0.287,0.495,0.004,1.050,0.971,0.102,0.356,0.409,-0.180,0.505,0.129,0.344,-0.373,0.664,0.489,-0.470,0.269,0.920,0.143,-0.184,-0.769,1.794,1.435,0.003,-0.068
5,1,0.735,0.314,0.832,0.708,0.447,0.656,0.158,-0.720,0.400,-0.635,0.910,1.392,0.727,0.890,0.104,0.497,-0.048,-1.723,-0.730,-0.859,-0.408,-0.524,-1.051,-0.912,-1.989,-0.243,0.075,0.291,-0.232,-0.960,-0.353,0.163,0.069,1.190,0.598,0.300,0.626,0.602,-0.164,0.689,-0.328,0.201,-0.466,0.742,0.430,-0.438,0.614,0.801,0.310,-0.247,-0.359,1.329,1.377,0.279,-0.215
5,2,0.663,0.115,0.791,0.850,0.564,0.785,0.294,-0.505,0.519,-0.774,0.606,0.529,0.822,1.091,-0.739,0.307,-0.187,-1.704,-0.586,-0.858,-0.678,-0.474,-1.017,-1.162,-2.009,-0.333,0.211,0.271,-0.245,-1.046,-0.241,-0.148,0.123,1.426,0.906,0.166,0.634,0.348,-0.108,0.826,0.048,0.112,-0.579,0.636,0.566,-1.118,0.442,0.736,0.491,-0.299,-0.126,1.380,1.220,0.660,0.283
5,3,0.966,-0.840,0.722,0.438,0.380,0.641,0.595,-0.386,0.305,-0.608,0.810,0.537,0.711,1.239,-0.571,0.200,0.061,-1.908,-0.654,-1.070,-0.545,-0.418,-1.023,-1.342,-1.957,-0.153,0.042,0.637,-0.210,-1.068,-0.401,0.001,0.301,1.125,1.147,0.334,0.653,0.514,-0.218,0.612,-0.022,-0.166,-0.268,0.598,0.191,-1.216,0.482,0.564,0.207,-0.290,-0.120,1.474,1.292,-0.236,-0.576
5,4,0.390,-0.253,0.550,0.402,0.034,0.709,0.415,-0.466,0.435,-1.108,0.777,0.718,0.795,1.047,0.321,-0.059,-0.124,-1.837,-0.886,-0.824,-0.753,-0.620,-0.699,-0.694,-1.902,-0.380,0.123,0.503,0.100,-1.319,-0.332,-0.043,0.210,1.208,1.178,0.114,0.624,0.579,-0.352,0.701,-0.330,-0.061,-0.522,0.732,0.370,-1.193,0.302,0.811,0.346,-0.375,-0.517,1.464,1.163,0.569,-0.893
5,5,0.565,0.260,0.697,0.022,0.239,0.448,0.058,-0.206,0.140,-0.691,0.369,0.989,0.503,1.172,-0.339,0.130,-0.149,-1.654,-0.730,-0.584,-0.821,-0.674,-0.881,-0.798,-2.134,-1.373,-0.238,0.255,-0.019,-1.003,-0.577,-0.185,0.241,1.292,0.955,0.273,0.378,0.777,-0.048,0.474,0.358,0.449,-0.344,0.562,0.420,-1.247,0.330,0.550,0.099,-0.582,-0.356,1.281,0.717,0.437,-0.150
5,6,0.725,0.006,0.672,0.370,0.044,0.561,0.262,-0.280,0.074,-0.892,0.391,0.938,0.764,0.914,0.146,0.207,0.243,-1.876,-0.782,-0.857,-0.779,-0.539,-0.521,-1.098,-2.100,-0.265,-0.086,0.234,-0.225,-1.370,-0.329,-0.170,0.038,0.937,1.091,0.153,0.607,0.913,-0.352,0.557,-0.246,-0.248,-0.201,0.484,0.227,-1.116,-0.002,0.778,-0.137,-0.526,-0.578,1.323,0.915,0.187,-0.376
5,7,0.954,0.063,0.759,0.364,0.185,0.691,0.051,-0.135,0.449,-0.812,0.479,1.115,0.798,1.009,0.047,0.176,-0.312,-2.008,-0.784,-0.701,-0.452,-0.459,-1.052,-0.907,-2.112,-0.521,0.084,0.142,-0.438,-1.156,-0.402,-0.003,0.216,1.074,1.453,-0.028,0.462,0.622,-0.176,0.563,-0.116,-0.259,-0.812,0.790,0.617,-0.645,0.447,0.593,0.417,-0.654,-0.193,1.493,1.852,0.394,-0.241
5,8,0.914,-0.077,0.715,-0.005,0.000,0.563,0.192,-0.561,0.413,-0.770,0.525,0.742,0.514,0.936,-0.143,0.274,0.067,-1.536,-0.399,-1.624,-0.322,-0.389,-0.920,-0.795,-1.985,-0.566,0.393,-0.197,-0.134,-0.852,-0.457,-0.001,0.043,1.223,1.360,0.778,0.824,0.660,-0.635,0.622,-0.053,-0.142,-0.430,0.570,0.386,-0.813,0.315,0.604,-0.248,-0.084,-0.623,1.359,0.314,0.112,-1.012
5,9,0.663,-0.166,0.586,0.012,0.002,0.719,0.491,-0.199,0.457,-0.727,0.740,0.472,1.054,1.390,-0.207,0.798,0.065,-1.251,-0.955,-2.015,-0.398,-0.891,-0.902,-0.345,-2.204,-0.553,0.076,0.392,-0.167,-1.238,-0.235,-0.322,-0.270,1.103,1.025,0.150,0.831,0.711,-0.233,0.479,0.097,0.762,0.088,0.752,0.693,-0.997,0.385,0.707,-0.105,0.111,-0.570,1.244,0.003,0.755,-0.110
5,10,0.585,0.242,0.368,-0.275,0.278,0.575,-0.021,-0.371,0.387,-0.874,0.686,1.287,0.935,1.039,-0.485,0.341,-0.102,-1.816,-1.070,-0.721,-0.846,-0.559,-0.799,-0.974,-2.404,-0.819,0.121,0.303,-0.362,-1.295,-0.380,-0.181,0.455,1.158,1.047,0.252,0.535,0.702,-0.657,0.371,-0.403,0.661,-0.068,0.737,0.477,-1.007,0.079,0.319,0.407,-0.660,-0.368,2.214,0.668,0.420,-0.314
5,11,0.538,0.106,0.765,-0.028,0.177,0.895,-0.381,-0.160,0.376,-0.852,0.289,1.023,0.585,1.064,-0.671,0.597,0.082,-1.572,-0.821,-1.649,-1.245,-0.353,0.011,-0.826,-2.520,-0.586,-0.101,0.328,-0.272,-1.053,-0.482,0.008,0.027,1.193,1.438,0.163,0.759,0.711,-0.340,0.380,-0.459,0.530,-0.233,0.169,0.406,-0.809,0.111,0.669,0.145,0.479,-0.850,1.630,0.022,1.026,2.051
5,12,0.563,-0.188,0.551,0.383,0.040,0.808,0.530,0.024,0.327,-0.829,0.510,0.753,1.030,0.654,-0.165,0.520,0.028,-1.699,-1.112,-0.692,-0.632,-0.484,-0.019,-1.149,-2.655,-0.614,0.145,-0.117,-0.698,-0.875,-0.276,-0.020,-0.028,1.276,1.371,-0.135,0.977,0.525,-0.247,0.498,-0.166,0.488,-0.078,0.438,0.481,-0.570,0.500,0.436,0.314,-0.425,0.048,1.455,0.884,0.295,-0.284
5,13,0.583,-0.373,0.813,0.425,0.098,0.530,0.210,-0.047,0.267,-1.027,0.463,0.844,0.959,0.915,-0.361,0.605,-0.153,-1.684,-0.997,-1.150,-0.663,-0.416,-0.379,-1.014,-2.198,-0.516,-0.244,-0.022,-0.488,-1.472,0.049,0.149,-0.137,0.886,1.023,0.292,0.759,0.380,-0.229,0.410,-0.340,0.528,0.121,0.527,0.548,-0.658,0.405,0.781,0.919,0.620,-0.458,1.617,-0.484,0.032,-0.554
5,14,0.311,-0.381,1.026,0.800,0.387,0.674,0.456,-0.153,0.499,-0.605,0.539,0.831,0.926,1.050,0.048,0.316,-0.030,-1.762,-0.861,-0.965,-0.764,-0.539,-0.709,-1.249,-2.393,-0.383,-0.028,0.242,0.056,-1.249,-0.236,-0.062,0.098,0.762,1.053,0.247,0.677,0.809,-0.245,0.461,-0.332,0.227,0.041,0.402,0.187,-0.573,0.460,0.419,0.998,-0.360,-0.557,1.513,1.696,0.096,0.578
5,15,0.367,-0.302,0.542,0.541,0.160,0.575,0.705,0.194,0.238,-0.747,0.555,0.911,0.941,1.361,0.080,0.063,0.101,-1.749,-0.840,-0.877,-0.406,-0.752,-0.809,-0.899,-2.533,-0.482,-0.000,0.074,-0.099,-1.115,-0.265,0.100,0.012,0.814,0.998,0.510,0.764,0.512,-0.364,0.656,-0.118,0.274,-0.161,0.546,0.353,-0.638,0.179,0.669,0.746,-0.213,-0.191,1.610,1.742,0.460,-0.381
5,16,0.491,-0.566,0.709,0.742,0.294,0.677,0.657,0.017,0.292,-0.878,0.429,0.949,0.982,1.016,-0.067,-0.009,-0.100,-1.643,-1.008,-0.834,-0.531,-0.723,-1.255,-1.153,-2.308,-0.356,0.316,0.032,-0.138,-1.174,-0.334,-0.095,0.322,0.788,0.654,0.159,0.996,0.550,-0.534,0.501,-0.019,0.480,-0.251,0.455,0.382,-0.445,0.196,0.348,-0.393,0.624,-0.018,1.726,1.275,0.304,0.397
5,17,0.535,0.253,0.657,0.787,0.264,0.710,0.553,0.298,0.040,-0.673,0.545,0.901,0.600,1.287,-0.239,-0.088,-0.180,-1.600,-0.853,-0.446,-0.985,-0.539,-1.012,-0.847,-2.197,-0.568,0.233,0.019,-0.067,-0.934,-0.371,0.066,0.559,1.008,1.009,0.428,0.996,0.660,-0.274,0.300,0.202,0.299,-0.138,0.588,0.468,-0.051,0.315,0.341,-0.458,0.077,0.203,1.639,0.584,-0.060,-0.666
5,18,-0.001,-0.057,0.738,0.868,0.406,0.490,0.522,0.248,0.114,-0.662,0.275,0.746,0.546,1.118,-0.108,0.121,0.004,-1.739,-0.907,-0.552,-1.018,-0.574,-0.988,-0.965,-2.457,-0.450,0.139,0.066,-0.049,-0.823,-0.076,-0.103,0.705,0.935,0.941,0.404,0.657,0.466,-0.523,0.269,-0.037,0.523,-0.339,0.537,0.652,-0.060,0.480,0.585,-0.433,0.076,0.212,1.532,0.733,0.052,0.901
5,19,0.442,-0.061,0.656,0.731,0.308,0.625,0.609,0.242,0.000,-0.599,0.471,1.021,0.543,0.776,0.141,0.068,-0.174,-1.797,-1.101,-0.638,-0.929,-0.635,-1.111,-0.756,-2.356,-0.780,0.354,0.021,-0.199,-0.985,-0.408,0.045,0.713,0.917,0.817,0.305,0.910,0.638,-0.401,0.553,-0.058,0.730,-0.142,0.793,0.572,-0.270,0.321,0.412,-0.501,-0.017,-0.130,1.668,1.004,-0.068,-1.116
5,20,0.666,0.244,0.365,0.547,0.109,0.595,0.518,-0.348,0.028,-0.824,0.721,1.200,0.950,0.878,-0.071,0.133,-0.163,-1.989,-0.890,-0.791,-0.892,-0.769,-0.980,-0.732,-2.314,-0.457,0.130,0.091,-0.066,-1.245,-0.368,-0.258,0.579,0.743,1.079,0.328,0.372,0.344,-0.504,0.552,0.074,0.511,-0.471,0.848,0.624,-0.085,0.030,0.868,-0.327,0.056,0.087,1.675,1.558,0.159,-0.052
5,21,0.418,-0.020,0.481,0.946,0.127,0.700,0.319,-0.314,0.389,-0.855,0.693,1.010,0.652,0.774,-0.027,0.250,-0.109,-1.748,-1.243,-1.016,-0.513,-0.486,-0.993,-0.719,-2.280,-0.956,0.151,-0.128,0.043,-1.065,-0.335,0.165,0.422,0.630,1.163,0.454,0.878,0.433,-0.544,0.433,0.004,0.350,-0.470,0.998,0.658,-0.288,0.229,0.740,-0.327,-0.229,0.212,1.548,0.813,0.553,-0.048
5,22,0.595,0.046,0.747,0.526,0.490,0.770,0.302,-0.435,0.247,-0.931,0.943,0.688,0.608,0.777,0.931,0.255,-0.205,-1.991,-1.005,-1.073,-0.749,-0.427,-1.401,-0.695,-2.458,-0.888,0.345,0.164,-0.202,-0.890,-0.244,0.083,0.397,0.850,1.030,0.517,0.344,0.301,-0.403,0.391,-0.281,0.334,-0.376,1.120,0.475,-0.221,0.162,0.646,-0.199,-0.134,-0.151,1.639,0.997,-0.277,0.738
5,23,0.221,-0.055,0.454,0.724,0.469,1.004,0.112,-0.456,0.387,-0.861,0.953,0.862,0.802,1.034,0.488,0.156,-0.148,-1.634,-0.984,-1.168,-0.882,-0.597,-1.045,-0.748,-2.217,-0.852,0.101,-0.064,-0.220,-1.040,-0.231,0.152,0.769,0.678,1.149,0.232,0.544,0.363,-0.549,0.398,0.028,0.290,-0.263,0.815,0.528,-0.308,0.215,0.445,-0.660,-0.938,-0.116,1.539,1.098,-0.865,0.131
6,0,0.311,0.137,0.677,0.875,0.343,0.405,0.127,-0.256,0.057,-0.816,0.828,1.139,0.805,1.011,-0.310,0.146,-0.134,-1.909,-1.161,-1.082,-0.651,-0.649,-1.338,-0.814,-2.106,-0.607,0.188,-0.192,-0.380,-0.961,-0.182,0.147,0.772,0.849,0.976,0.302,0.598,0.293,-0.648,0.451,0.059,0.322,-0.440,0.640,0.502,0.366,0.354,0.727,-0.517,-0.833,-0.152,1.510,0.361,0.263,-0.074
6,1,0.324,0.054,0.818,0.788,0.132,0.706,0.219,-0.164,0.323,-0.797,0.757,1.176,0.967,1.133,-0.026,0.287,-0.171,-1.782,-0.708,-0.849,-0.856,-0.670,-1.322,-0.893,-2.180,-0.463,0.254,-0.085,-0.478,-0.694,-0.278,-0.137,0.618,0.807,1.146,0.259,1.108,0.011,-0.543,0.323,-0.063,0.303,-0.391,0.785,0.237,-0.175,0.259,0.955,-0.442,-0.436,-0.097,1.584,2.420,0.352,0.412
6,2,0.209,-0.369,0.655,0.632,0.285,0.606,0.317,-0.311,0.429,-0.741,0.759,1.148,0.934,1.013,0.355,0.415,-0.178,-1.909,-0.885,-0.826,-0.780,-0.571,-0.891,-0.802,-2.154,-0.756,0.426,0.362,-0.368,-0.642,-0.345,0.089,0.712,0.734,0.957,0.356,0.912,0.366,-0.426,0.279,0.113,0.264,-0.321,0.625,0.460,-0.100,0.217,0.840,-0.476,-0.228,-0.267,1.441,2.623,-1.344,0.961
6,3,0.390,-0.032,0.536,0.673,0.250,0.813,0.386,-0.334,0.201,-0.837,1.131,1.264,0.762,1.083,0.412,0.317,-0.407,-1.627,-1.039,-1.065,-0.920,-0.989,-1.358,-0.675,-2.249,-0.479,0.105,-0.158,-0.244,-0.756,-0.390,-0.026,0.761,0.492,1.188,0.234,0.834,0.056,-0.606,0.265,-0.292,0.137,-0.368,0.651,0.671,-0.000,0.212,0.634,-0.269,0.049,-0.609,1.434,0.259,-0.799,1.088
6,4,0.464,0.338,0.404,0.584,0.317,0.795,0.422,-0.545,0.179,-0.759,0.774,1.355,0.639,1.234,0.302,0.301,-0.422,-1.861,-1.065,-1.373,-1.065,-0.587,-1.352,-0.572,-2.156,-0.595,0.036,0.090,-0.500,-0.910,-0.354,0.673,0.712,0.822,1.131,0.129,0.565,0.400,-0.614,0.306,0.110,0.520,-0.187,0.351,0.681,0.311,-0.070,0.800,0.009,-0.081,-0.254,1.613,-0.192,-0.485,0.509
6,5,0.249,0.047,0.506,0.726,0.150,0.562,0.385,-0.550,0.618,-0.487,0.968,1.452,0.671,1.080,0.243,0.467,-0.070,-1.760,-1.122,-1.075,-1.006,-0.840,-1.104,-0.636,-2.210,-0.274,-0.142,0.402,-0.490,-0.878,-0.274,0.448,0.674,0.695,0.911,0.073,0.697,0.304,-0.368,0.239,0.056,0.312,-0.246,0.294,0.897,-0.244,0.031,0.905,-0.199,-0.517,0.192,1.520,1.962,-0.103,-0.330
6,6,-0.000,0.380,0.331,0.611,0.147,0.494,0.093,-0.369,0.314,-0.614,0.940,1.617,0.569,1.315,0.387,0.058,-0.366,-2.178,-0.968,-0.992,-1.178,-0.750,-0.696,-0.598,-2.276,-1.215,0.293,0.561,-0.421,-0.850,-0.078,0.379,0.888,0.850,0.638,0.297,0.998,0.620,-0.343,0.336,-0.159,0.423,-0.014,0.856,0.874,-0.274,0.305,0.541,-0.024,-0.349,0.025,1.747,2.268,0.000,0.377
6,7,0.193,0.480,0.387,0.666,0.386,0.763,0.233,-0.619,0.525,-0.584,0.709,1.352,0.543,1.143,0.712,0.016,-0.267,-2.005,-1.622,-1.231,-0.375,-0.443,-1.267,-0.677,-2.038,-0.347,0.282,0.198,-0.371,-0.886,-0.329,0.152,0.759,0.752,1.050,0.241,1.488,0.526,-0.576,0.536,-0.424,0.772,0.024,0.696,0.231,-0.335,-0.002,0.795,-0.422,-0.724,0.069,1.305,0.833,0.749,-0.315
6,8,0.410,-0.165,0.460,1.097,0.172,0.755,0.358,-0.251,0.265,-0.979,0.873,1.444,0.942,0.858,0.291,0.484,-0.385,-1.980,-0.972,-1.534,-0.583,-0.546,-0.992,-0.632,-2.040,-0.914,0.050,0.789,-0.344,-0.873,-0.265,-0.202,0.596,0.759,0.126,0.558,0.680,0.361,-0.293,0.440,-0.340,0.197,-0.110,0.946,0.373,-0.248,0.123,0.578,0.250,-0.082,0.251,1.661,1.276,0.020,-0.596
6,9,0.038,-0.224,0.311,0.946,0.348,0.614,-0.062,-0.164,0.269,-0.628,0.401,1.301,0.678,0.830,0.371,0.626,-0.370,-2.094,-1.434,-0.794,-0.742,-0.661,-0.864,-0.540,-2.339,-0.884,0.083,0.566,-0.596,-1.294,-0.240,-0.267,0.424,0.989,0.610,0.177,1.094,0.316,-0.502,0.435,-0.581,0.425,-0.381,0.783,0.551,-0.006,0.191,0.509,-0.540,-0.189,-0.238,1.546,-1.485,0.318,0.327
6,10,0.999,0.572,0.569,0.716,0.332,0.853,0.125,-0.182,0.296,-1.002,0.738,0.838,0.211,0.947,-0.105,0.704,-0.106,-1.773,-1.242,-0.946,-0.539,-0.439,-1.053,-0.657,-2.505,-0.772,0.437,0.059,-0.249,-0.937,-0.160,-0.371,0.517,0.823,0.515,0.390,1.099,0.913,-0.154,0.437,-0.872,0.135,0.124,0.830,0.637,-0.013,-0.102,0.791,-0.187,0.279,-0.096,1.932,-0.423,-0.009,-0.120
6,11,0.105,0.604,0.357,0.873,0.177,0.658,0.258,-0.509,0.403,-0.698,0.265,1.981,0.928,1.188,0.148,0.667,-0.085,-1.823,-1.256,-1.247,-0.397,-0.645,-0.736,-0.435,-2.155,-0.698,-0.059,0.623,-0.567,-0.893,-0.369,0.061,0.597,0.947,0.645,0.442,0.693,0.595,-0.383,0.149,-0.542,0.265,-0.207,0.755,0.137,-0.234,0.039,0.774,-0.114,-0.529,-0.330,1.791,-1.331,0.157,0.963
6,12,0.475,0.459,0.568,0.441,0.285,0.523,-0.192,-0.603,0.520,-0.571,1.001,1.568,0.561,0.873,-0.278,0.530,-0.325,-2.033,-1.163,-0.835,-0.644,-0.536,-0.892,-0.556,-2.460,-0.536,0.427,0.543,-0.494,-1.074,-0.326,0.461,0.366,1.318,0.269,0.437,0.632,0.276,-0.554,0.317,-0.177,0.166,-0.111,0.549,0.662,-0.042,0.128,0.403,-0.489,-0.639,-0.558,1.581,1.129,0.738,1.427
6,13,0.483,0.251,0.561,0.885,0.313,0.433,-0.151,-0.609,0.611,-0.859,0.658,1.051,0.488,1.249,-0.213,0.080,-0.006,-1.972,-0.811,-0.521,-0.730,-0.470,-0.623,-0.724,-2.451,-0.554,0.430,0.538,-0.400,-1.232,-0.030,-0.328,0.265,1.335,0.321,0.237,0.941,0.458,-0.069,0.440,-0.450,0.396,-0.293,0.653,0.756,0.055,0.010,0.469,0.139,0.106,-0.605,1.563,1.253,0.463,0.623
6,14,0.697,0.481,0.565,0.861,0.095,0.464,-0.225,-0.398,0.375,-0.931,0.602,1.036,0.574,0.833,-0.506,0.313,-0.121,-1.800,-0.894,-0.712,-1.073,-1.078,-0.381,-0.719,-2.460,-0.465,0.185,0.323,-0.351,-0.965,-0.392,-0.182,0.231,1.509,0.692,0.375,1.036,0.143,-0.573,0.518,-0.132,0.021,-0.244,0.481,0.196,0.027,0.134,0.193,0.120,-0.134,-0.578,1.332,-0.781,-0.142,0.493
6,15,0.351,0.467,0.414,0.548,0.472,0.522,-0.207,-0.697,0.364,-0.803,0.010,1.116,1.095,0.807,-0.414,-0.781,-0.138,-1.875,-0.973,-0.738,-0.624,-0.516,-0.611,-0.534,-2.463,-0.515,0.518,0.120,-0.243,-1.021,-0.233,-0.254,0.131,1.205,0.769,0.108,0.732,0.465,-0.343,0.388,0.311,-0.231,-0.385,0.891,0.117,-0.040,0.259,0.405,0.079,-0.336,-0.840,1.657,1.194,-0.054,-0.312
6,16,0.583,0.345,0.656,0.403,0.365,0.698,0.015,-0.547,0.469,-0.721,0.113,1.074,0.782,0.874,-0.345,-0.626,0.069,-1.817,-0.953,-0.751,-0.657,-0.711,-0.931,-0.626,-2.545,-0.729,0.492,0.423,-0.168,-1.015,-0.272,-0.204,0.191,1.237,0.892,0.401,0.813,0.577,-0.566,0.615,0.117,-0.554,-0.111,0.863,0.333,0.096,-0.038,0.548,0.125,-0.327,-0.574,1.536,1.790,0.110,-0.141
6,17,0.684,0.173,0.588,0.688,0.262,0.716,0.071,-0.363,0.247,-0.736,0.209,1.110,1.076,1.140,0.326,-0.675,-0.044,-1.980,-1.274,-0.869,-0.716,-0.764,-0.707,-0.547,-2.397,-0.649,0.366,0.512,0.143,-1.184,-0.055,-0.427,0.218,1.161,0.700,0.178,0.808,0.527,-0.171,0.763,0.045,-0.320,-0.259,0.733,0.254,-0.113,0.301,0.599,0.328,-0.190,-0.810,1.520,1.120,0.464,-0.011
6,18,0.751,0.121,0.635,0.564,0.410,0.709,0.113,0.314,0.150,-0.468,0.573,0.712,0.935,0.986,0.012,-0.792,-0.191,-1.955,-0.913,-0.830,-0.882,-0.814,-0.870,-0.723,-2.315,-0.700,0.541,0.229,-0.013,-1.057,-0.120,-0.294,0.292,1.136,0.754,0.295,0.975,0.923,-0.317,0.868,-0.464,-0.045,-0.470,0.577,0.411,-0.108,0.552,0.808,0.493,-0.545,-0.533,1.284,1.355,0.685,0.716
6,19,0.274,-0.238,0.671,0.643,0.609,0.522,-0.100,-0.123,0.320,-0.361,0.563,1.023,1.001,1.166,0.138,-0.376,-0.321,-1.871,-0.969,-0.742,-0.686,-0.611,-0.776,-0.698,-2.221,-0.735,0.387,0.635,-0.165,-0.903,-0.115,-0.358,0.194,1.019,0.742,0.356,0.786,0.520,-0.134,0.721,-0.600,0.220,-0.457,0.831,0.490,-0.203,0.359,0.947,0.158,-0.344,-0.473,1.412,0.557,0.066,0.775
6,20,0.231,0.212,0.951,0.553,0.324,0.644,-0.031,-0.058,0.054,-0.317,0.270,1.076,0.734,1.039,-0.008,-0.886,-0.069,-1.912,-1.273,-0.794,-0.402,-0.619,-1.052,-0.758,-2.456,-0.670,0.172,0.399,-0.102,-1.180,-0.242,-0.294,0.602,1.095,0.683,0.411,0.624,0.708,-0.265,0.593,-0.242,0.182,-0.229,0.775,0.278,-0.249,0.289,0.772,0.239,-0.401,-0.161,1.365,0.628,-0.010,-0.010
6,21,0.700,0.008,0.555,0.416,0.560,0.844,0.087,0.048,0.349,-0.494,0.703,0.744,0.775,0.923,0.135,-0.997,-0.191,-1.972,-0.796,-0.539,-0.593,-0.636,-0.970,-0.654,-2.297,-0.617,0.315,0.375,-0.211,-1.173,-0.223,-0.268,0.452,1.011,0.805,0.581,0.842,0.790,-0.471,0.457,-0.160,0.150,-0.076,0.603,0.432,-0.371,0.432,0.846,0.612,-0.205,-0.361,1.528,0.040,-0.169,-0.157
6,22,0.184,0.407,0.518,0.492,0.590,0.557,0.257,0.097,0.048,-0.310,0.607,0.831,0.857,1.064,-0.400,-0.528,-0.163,-1.851,-1.338,-0.695,-0.484,-0.507,-1.055,-0.563,-2.231,-0.801,0.582,0.226,-0.379,-1.017,-0.251,0.261,0.243,0.877,0.944,0.316,0.492,0.513,-0.122,0.333,-0.423,0.091,-0.377,0.709,0.784,-0.281,0.269,0.864,0.628,0.116,-0.718,1.636,0.082,-0.129,-0.077
6,23,0.646,-0.047,0.805,0.854,0.493,0.721,0.181,-0.125,0.169,-0.546,0.610,0.195,0.882,1.157,-0.385,-0.392,-0.286,-1.893,-1.224,-0.811,-0.477,-0.592,-0.983,-0.652,-1.955,-0.570,-0.060,0.151,-0.292,-0.870,-0.338,0.265,0.461,1.122,0.960,0.580,0.737,0.584,-0.419,0.396,-0.225,0.082,-0.483,0.567,0.795,-0.153,0.352,0.755,0.660,-1.017,-0.377,1.401,0.608,-0.129,-0.614
