weekday,hour,spacex,KerbalSpaceProgram,Bitcoin,pcmasterrace,Showerthoughts,outside,dankmemes,wholesomememes,2meirl4meirl,WritingPrompts,tifu,news,nottheonion,4chan,Music,IAmA,math,itookapicture,learnprogramming,gaming,movies,mylittlepony,anime,sports,gonewild,europe,apple,Android,ATBGE,depression,disneyvacation,mildlyinteresting,interestingasfuck,mildlyinfuriating,worldnews,furry_irl,talesfromtechsupport,TalesFromRetail,nosleep,hmmm,NintendoSwitch,smashbros,nostalgia,Drugs,dankchristianmemes,aww,polandball,WTF,FortNiteBR,GetMotivated,Fitness,Drama,netflix,PewdiepieSubmissions,Minecraft
Monday,12am,332,203,321,559,1924,628,774,934,587,648,1038,456,820,1169,381,328,567,510,510,626,643,577,709,528,562,849,482,470,1111,700,637,787,758,909,1266,575,388,600,528,790,561,1492,639,888,550,779,429,850,804,104,384,710,35,29,18
Monday,1am,418,176,338,443,1356,692,766,807,571,583,881,386,756,1049,374,352,573,479,495,529,793,583,648,357,596,662,647,423,1073,717,587,982,895,957,1298,556,482,554,734,670,504,986,619,796,556,720,517,1269,640,122,423,642,24,28,24
Monday,2am,411,142,309,392,1269,729,531,838,467,684,731,373,613,840,415,529,579,486,443,714,881,974,533,317,511,469,668,356,999,655,623,609,1001,964,831,516,578,540,713,762,503,836,682,628,515,1075,464,980,586,211,464,556,21,25,14
Monday,3am,611,130,327,516,1261,708,581,1123,525,663,747,221,410,725,374,687,549,449,411,747,563,865,528,251,499,314,625,295,843,747,564,391,836,745,802,517,581,545,722,807,462,1056,632,617,456,685,373,916,446,417,435,628,34,22,15
Monday,4am,682,117,319,588,880,703,639,936,588,635,516,220,303,591,343,691,518,493,388,884,438,742,455,187,512,284,682,201,785,716,493,281,1031,630,634,482,587,587,806,697,390,1236,616,543,416,1111,349,817,612,741,402,556,42,20,11
Monday,5am,766,105,349,625,585,630,454,701,630,539,384,180,233,519,212,602,548,464,431,627,382,603,434,171,425,262,630,204,732,680,362,217,698,394,640,472,496,507,702,428,348,815,566,471,281,693,285,981,606,802,304,514,34,29,12
Monday,6am,524,87,288,501,412,602,360,563,574,465,393,183,195,541,143,406,530,395,474,445,230,477,346,112,271,268,476,177,552,606,374,164,506,266,444,339,500,409,719,309,297,569,444,433,266,478,263,740,348,545,257,389,33,21,8
Monday,7am,439,114,235,373,297,549,261,475,495,432,328,335,263,556,95,419,435,311,437,338,197,344,312,93,221,315,371,245,558,543,268,127,349,206,314,296,372,388,632,285,313,1155,347,409,207,437,269,478,327,520,283,423,33,21,10
Monday,8am,293,84,218,287,258,470,257,420,512,411,276,265,269,512,73,343,340,258,320,243,186,293,325,68,217,329,379,218,431,414,258,103,262,169,253,226,357,338,523,261,291,485,207,295,198,415,275,343,251,397,241,273,31,21,9
Monday,9am,304,136,185,220,207,464,232,394,512,327,223,107,199,420,65,333,379,248,354,200,226,244,297,36,224,392,207,214,366,409,265,57,176,136,212,206,301,275,497,245,206,317,138,283,171,369,271,265,209,390,222,243,26,17,5
Monday,10am,262,143,199,219,177,401,297,335,603,355,230,94,179,404,82,319,270,317,337,136,344,249,310,52,279,515,235,242,311,417,306,69,153,107,180,230,248,366,407,263,270,244,157,293,149,324,310,277,194,410,254,258,34,15,9
Monday,11am,407,176,220,281,178,436,321,354,693,416,213,124,238,509,102,323,391,358,430,158,370,279,307,103,316,741,306,361,380,416,414,66,187,128,198,272,382,390,499,477,347,265,177,285,227,364,416,291,282,406,299,296,23,10,7
Monday,12pm,427,241,367,427,148,541,319,604,741,528,327,144,479,453,145,334,495,423,530,247,328,306,422,230,444,1003,524,569,435,448,521,84,437,159,314,385,519,427,556,888,463,349,226,361,244,340,781,353,305,427,409,348,37,40,13
Monday,1pm,508,354,491,726,376,575,407,557,794,578,468,408,684,492,545,428,535,571,579,557,294,361,455,513,660,1029,692,807,587,516,785,121,752,265,646,542,700,599,614,1179,540,428,254,538,398,315,1178,392,321,371,723,511,61,58,18
Monday,2pm,559,377,566,702,569,582,529,394,898,808,458,662,574,713,530,443,697,751,670,675,611,540,415,360,619,1057,717,1151,748,623,804,290,952,367,592,570,833,675,710,1283,561,545,354,495,464,368,1468,583,302,332,964,637,41,75,14
Monday,3pm,573,475,777,739,679,694,589,425,968,836,772,770,480,814,903,402,708,844,729,815,955,690,419,317,651,904,819,1151,799,775,817,367,791,350,761,624,1003,660,693,1033,603,571,408,596,666,492,1522,442,337,429,1079,709,41,69,26
Monday,4pm,630,498,763,800,826,601,607,427,923,814,753,756,609,788,1375,361,700,889,770,585,1174,747,463,459,692,741,961,1203,1001,846,894,280,645,437,1022,552,959,692,807,902,475,682,519,674,793,433,1466,372,399,594,1158,781,44,65,14
Monday,5pm,638,845,757,902,783,617,525,512,1013,843,755,820,776,824,871,344,736,881,786,850,2072,872,936,753,606,745,959,1105,1008,799,918,814,804,865,825,571,913,739,858,782,398,710,546,664,804,727,1304,216,478,617,1131,747,33,27,18
Monday,6pm,653,676,716,850,960,558,671,401,1100,788,687,756,806,776,900,291,715,875,776,1032,1548,910,837,901,675,727,893,1106,876,791,726,858,529,735,896,557,906,698,778,698,406,654,599,856,803,1519,1046,242,556,624,1254,676,35,33,33
Monday,7pm,626,566,781,774,898,601,760,442,951,727,678,703,633,770,873,399,806,895,822,1167,1105,810,735,776,751,623,855,1120,843,802,701,668,569,673,886,708,949,826,869,582,641,648,630,805,770,1153,931,300,892,814,1234,855,19,31,30
Monday,8pm,753,561,843,685,836,504,805,387,842,858,540,647,688,662,859,636,887,836,753,1451,1045,817,755,557,791,616,946,965,732,836,683,902,861,449,556,659,928,737,839,569,711,625,645,855,793,1260,879,607,1270,1068,1289,783,25,29,18
Monday,9pm,1009,529,841,713,959,504,993,604,790,895,459,947,632,674,859,856,814,931,753,1526,1006,997,824,359,895,532,928,926,619,839,626,1335,806,416,448,664,849,638,753,545,736,674,532,722,704,1444,842,1167,1392,1155,1188,730,30,34,22
Monday,10pm,1015,561,780,863,1571,509,691,918,747,863,515,884,627,691,672,741,766,827,725,1016,1353,1117,850,368,1012,343,782,807,574,754,623,1049,721,532,586,645,732,628,744,548,594,666,646,740,564,1176,648,1019,1272,1049,934,716,27,32,42
Monday,11pm,725,527,666,780,1615,551,782,753,549,650,761,1041,583,625,503,599,650,684,649,781,1369,984,753,590,869,267,731,725,567,826,625,862,838,732,1039,555,678,701,696,612,447,703,746,717,488,1034,589,931,1167,1105,791,648,20,27,29
Tuesday,12am,548,371,648,1035,1144,569,962,584,536,683,712,923,589,562,401,468,696,695,641,813,1181,967,586,642,862,200,719,705,579,747,618,704,846,1000,1231,548,616,584,672,464,344,676,788,730,509,892,542,849,1176,1172,827,672,20,23,23
Tuesday,1am,802,334,571,1149,829,582,689,525,536,876,880,852,517,496,483,395,619,584,603,667,1212,932,561,482,866,164,655,591,661,777,528,511,764,740,1171,543,535,586,692,427,294,601,768,699,531,590,382,841,1176,1448,743,554,33,20,9
Tuesday,2am,1159,319,595,996,781,710,638,435,476,654,523,877,433,451,596,330,649,630,614,741,1537,865,483,312,820,137,658,642,785,746,532,360,525,1058,1049,584,523,525,835,429,286,545,901,675,516,500,330,978,912,1458,819,514,22,17,28
Tuesday,3am,674,232,491,885,698,714,690,380,591,631,460,1214,507,469,683,299,788,575,504,823,1337,887,666,255,742,97,659,567,838,808,519,213,520,1044,829,504,483,541,933,423,288,529,950,597,545,427,333,754,702,1583,866,505,15,17,23
Tuesday,4am,594,190,519,646,564,575,583,254,530,627,458,978,653,501,627,185,644,542,476,886,1075,672,791,242,743,76,416,486,734,768,574,311,752,729,650,456,444,571,793,380,267,507,882,537,662,710,264,694,560,1127,708,470,20,15,27
Tuesday,5am,411,166,495,568,390,489,531,210,592,507,393,718,243,452,601,165,507,446,480,637,858,619,657,271,532,99,385,417,619,654,560,247,607,536,413,354,361,461,737,350,247,462,575,461,545,362,284,546,482,845,647,388,9,4,11
Tuesday,6am,340,130,495,523,349,450,418,151,487,469,340,548,131,311,596,132,398,435,440,405,585,537,543,489,403,127,332,411,526,596,445,163,382,512,292,325,304,410,643,269,301,362,471,363,514,279,245,382,401,680,533,348,15,14,11
Tuesday,7am,271,145,561,438,377,375,312,120,434,424,301,356,125,309,602,115,456,295,422,324,436,413,464,471,345,186,244,327,413,582,395,162,288,431,203,304,362,343,621,236,318,277,396,313,378,681,243,271,329,570,445,282,11,23,13
Tuesday,8am,321,122,567,396,286,356,213,110,335,412,283,285,95,273,534,95,386,265,359,248,471,320,447,369,262,309,285,266,299,531,325,123,198,339,171,191,287,270,530,226,311,264,294,300,336,161,299,202,282,493,343,229,15,19,7
Tuesday,9am,249,95,521,352,240,291,163,64,373,318,327,196,67,230,368,60,287,326,307,237,532,271,335,235,252,522,245,224,331,390,326,93,136,318,165,191,273,235,380,238,257,191,237,233,307,90,282,195,221,332,257,226,3,15,6
Tuesday,10am,220,131,507,492,215,304,217,62,344,343,327,234,121,270,260,44,319,292,316,197,531,241,303,239,236,856,317,215,320,462,355,166,180,340,124,193,333,321,356,300,287,207,184,257,275,81,363,182,398,302,301,185,11,15,10
Tuesday,11am,201,158,634,632,190,384,271,67,372,378,381,382,256,433,399,77,400,349,369,164,848,249,359,265,411,1032,394,261,455,522,472,296,178,375,136,308,466,338,343,361,371,188,224,245,411,82,545,232,563,419,273,248,16,31,19
Tuesday,12pm,282,247,796,870,312,432,704,75,631,437,615,621,512,835,710,79,544,391,399,182,874,297,428,473,573,1106,524,309,732,573,552,347,176,445,161,408,721,499,499,717,750,313,244,368,551,117,832,521,687,416,438,373,17,17,14
Tuesday,1pm,343,287,909,948,783,578,991,128,921,505,865,577,923,850,783,93,664,575,609,374,758,292,492,570,659,900,656,440,805,579,702,354,406,715,434,474,1186,567,492,983,986,373,301,442,762,123,1236,710,659,618,573,622,15,19,9
Tuesday,2pm,511,359,968,1133,926,596,847,360,1218,539,1253,560,1461,817,685,123,769,668,615,503,640,424,541,585,639,567,640,486,762,648,810,401,358,823,510,524,1315,673,584,998,945,368,248,458,1066,472,1505,550,625,895,621,816,22,10,23
Tuesday,3pm,792,353,973,1229,633,625,892,454,1037,522,1406,510,1383,689,709,437,845,875,719,447,506,519,552,621,738,464,757,517,806,701,833,633,269,934,703,581,1454,799,585,942,1037,429,320,459,1129,490,1386,731,627,1043,689,879,85,12,29
Tuesday,4pm,817,317,784,937,430,656,739,586,825,643,1504,491,1942,659,982,845,954,807,781,1214,535,578,828,681,650,514,740,590,784,738,938,574,230,959,572,585,1389,762,638,751,866,1222,376,685,1013,656,1244,780,618,1063,1056,958,110,15,27
Tuesday,5pm,793,287,655,867,294,563,750,573,734,586,1382,709,2488,672,991,1550,863,786,835,1447,742,580,743,487,672,500,629,715,824,823,904,391,233,1145,514,608,1339,774,607,642,805,1269,488,682,918,804,1094,609,612,1053,1244,890,123,15,20
Tuesday,6pm,742,293,524,859,227,546,955,640,769,664,1175,789,1971,592,977,1289,1033,851,760,944,630,578,758,403,706,448,629,1100,802,798,903,356,251,1502,427,594,1286,733,635,544,871,937,508,684,777,1020,926,632,668,853,1123,843,143,21,22
Tuesday,7pm,773,349,535,972,222,588,1051,789,747,647,1180,617,1035,476,727,1421,1105,793,811,709,477,599,996,437,637,336,603,995,829,760,901,452,594,1456,307,619,1339,714,711,434,813,1204,749,616,655,1642,900,554,787,1010,916,883,216,40,16
Tuesday,8pm,802,401,499,798,178,541,1142,714,768,621,1039,553,748,450,672,1871,1051,812,684,524,394,684,857,555,752,345,786,1164,883,755,829,771,841,1085,409,548,1136,770,692,450,961,1164,789,576,730,1367,980,413,831,1245,1158,947,201,26,32
Tuesday,9pm,1946,489,414,747,241,532,1147,574,686,704,993,427,700,425,525,1695,1059,653,729,452,429,611,784,710,822,232,792,1478,920,794,775,1478,1017,1064,664,687,1039,805,650,436,1143,964,936,586,702,1225,836,584,837,957,939,945,172,30,28
Tuesday,10pm,1106,447,366,790,609,588,1052,704,643,660,733,326,545,400,420,1728,1032,643,771,659,563,681,832,528,869,216,879,1434,1092,766,874,1501,1334,1113,786,642,976,834,704,487,1018,820,1030,668,655,1117,885,707,1050,744,827,950,168,20,24
Tuesday,11pm,912,457,260,800,788,575,660,792,584,622,554,255,418,312,354,1712,854,544,695,1614,782,821,758,404,812,216,799,1269,997,743,667,1384,1237,947,663,630,824,749,676,686,889,736,960,760,581,1326,739,619,1091,640,784,977,169,24,16
Wednesday,12am,676,408,241,610,835,659,510,868,634,601,634,391,365,313,624,1384,744,536,633,2001,759,707,718,286,863,148,849,1222,819,701,635,1229,1259,720,681,636,747,716,657,789,695,738,1040,674,681,1333,618,652,1228,769,619,803,111,14,20
Wednesday,1am,558,382,228,541,591,681,414,809,649,501,706,332,273,419,767,1214,678,488,628,1953,950,763,694,207,1000,144,922,1198,758,735,595,1404,1011,657,546,550,659,764,654,735,554,686,1112,646,709,968,572,708,1235,1120,618,744,112,8,13
Wednesday,2am,663,370,202,592,516,672,407,660,544,583,579,278,327,381,823,1023,653,533,607,2311,774,770,672,203,766,136,903,968,607,737,595,1621,823,588,482,485,602,805,776,640,552,1116,1182,565,724,1386,491,514,956,1296,634,652,61,15,24
Wednesday,3am,639,263,201,738,363,695,430,682,571,503,403,444,766,470,737,785,673,500,631,1963,548,736,574,175,854,136,869,821,550,751,515,1201,842,458,747,482,516,813,791,481,484,977,1065,484,599,1637,454,593,831,878,540,701,74,7,19
Wednesday,4am,631,229,221,756,531,685,383,835,604,484,278,588,854,406,687,652,630,506,596,1238,327,744,444,324,725,106,738,655,439,770,544,883,689,335,760,421,466,792,784,392,482,758,891,557,651,1272,432,865,702,576,541,684,63,6,16
Wednesday,5am,466,219,198,613,697,713,352,921,667,448,287,640,717,374,500,568,530,419,592,804,351,631,408,248,700,108,722,611,379,696,457,706,504,246,946,348,415,624,833,332,474,611,838,512,745,961,352,916,558,514,646,575,45,9,8
Wednesday,6am,374,221,167,483,569,565,368,705,554,396,299,525,723,329,341,336,543,423,623,564,412,433,384,171,523,104,620,560,283,568,418,472,538,164,973,328,373,543,698,299,383,378,711,525,748,663,398,720,477,384,508,463,26,10,15
Wednesday,7am,375,183,132,394,404,519,375,639,517,426,257,376,591,247,241,297,444,292,586,422,293,337,345,114,421,170,425,499,287,543,393,404,581,104,744,304,365,441,532,239,314,323,527,440,507,453,366,604,343,273,376,394,30,5,19
Wednesday,8am,436,141,162,396,212,459,480,463,471,331,218,273,409,227,336,235,350,276,471,330,194,250,293,78,363,241,311,432,223,448,306,254,371,93,489,215,327,381,542,222,215,215,366,297,375,309,389,670,299,229,331,373,19,7,8
Wednesday,9am,286,163,146,319,169,337,359,369,382,320,201,202,205,171,377,181,310,296,365,269,209,208,227,70,344,505,272,366,209,350,353,179,255,86,348,188,313,337,465,221,207,203,352,256,347,252,379,666,287,187,252,254,7,8,9
Wednesday,10am,303,174,182,358,180,335,449,293,369,296,197,229,144,200,315,206,308,316,388,215,190,196,223,76,324,819,263,383,194,314,324,148,224,81,360,203,350,348,420,302,179,145,356,293,349,213,387,638,293,166,299,279,16,12,13
Wednesday,11am,355,157,227,501,194,445,629,280,442,363,192,331,166,335,264,228,368,383,488,250,464,263,190,74,507,1049,431,363,247,428,414,169,254,85,411,297,468,452,442,538,250,199,485,334,432,188,435,647,462,271,361,290,32,16,12
Wednesday,12pm,515,246,443,551,261,534,729,343,574,456,223,570,195,434,595,300,527,422,613,272,426,279,292,97,685,998,745,556,335,425,548,191,286,148,447,343,733,610,527,801,289,266,509,418,591,188,559,869,558,530,453,441,29,25,12
Wednesday,1pm,611,260,533,617,927,585,787,466,534,614,242,707,225,441,635,315,585,535,801,602,350,316,343,239,751,914,827,616,389,597,609,284,452,266,337,458,1129,721,636,1052,594,357,516,537,688,155,649,1066,599,643,744,658,25,31,18
Wednesday,2pm,722,303,768,659,937,635,1042,490,669,807,287,742,372,446,1040,542,710,658,879,932,285,387,379,439,756,769,1074,762,577,616,706,605,615,172,232,563,1373,744,714,1079,970,518,649,688,947,136,795,1215,721,914,891,818,49,20,14
Wednesday,3pm,788,375,833,616,669,686,1258,1150,700,915,480,1096,910,544,1175,582,742,715,919,764,235,490,469,418,783,821,1267,797,823,605,713,1117,528,177,223,640,1356,910,749,1021,1242,528,568,693,1572,202,904,1495,1055,1130,909,922,44,15,21
Wednesday,4pm,984,354,892,796,573,676,1197,1880,623,819,768,1087,819,588,1082,730,742,704,867,553,182,590,605,623,660,608,1282,811,868,663,736,896,397,232,152,562,1364,978,689,891,1132,629,432,872,1864,296,821,1526,898,1100,884,981,72,13,24
Wednesday,5pm,961,375,878,1230,549,695,1193,1622,655,793,1064,1001,588,751,1003,995,845,847,925,473,356,605,611,1265,639,515,1290,774,1016,650,796,686,332,475,144,570,1173,1010,649,724,1363,689,448,1030,1827,246,723,1365,1047,962,856,1089,91,19,18
Wednesday,6pm,1080,321,750,1535,905,620,1226,1155,586,702,1195,902,668,1028,987,962,802,667,1050,701,526,649,660,1720,688,479,965,702,994,688,768,685,264,561,179,557,1219,983,810,643,1580,669,460,1032,1515,195,615,1246,982,955,854,1097,98,47,18
Wednesday,7pm,1083,364,703,1715,1241,602,1165,779,541,713,1182,691,943,1016,1222,976,825,715,973,1026,455,658,712,1656,728,593,806,714,951,659,648,627,211,677,244,542,1202,929,715,549,1510,735,570,975,1375,240,591,1293,1102,919,944,1104,121,91,28
Wednesday,8pm,1113,340,768,1912,1462,561,1140,619,612,710,1017,936,1221,810,1910,1004,784,616,962,699,327,749,698,1263,867,568,908,639,969,685,766,714,195,756,563,606,1139,994,744,556,1591,799,873,1024,1188,529,568,1083,1622,1264,1063,1161,154,83,23
Wednesday,9pm,956,374,768,1513,980,587,1214,817,642,756,967,1485,1529,810,1919,909,789,731,908,544,273,749,1052,950,797,666,806,578,1002,666,736,777,423,745,826,604,983,942,822,632,1461,791,865,990,1064,462,568,1092,1699,1284,959,986,165,85,25
Wednesday,10pm,822,330,779,1084,825,585,1019,816,696,697,981,1349,1564,763,1688,806,733,705,916,495,208,821,1140,794,828,612,832,566,1090,639,677,624,537,637,722,653,908,920,757,792,1584,1042,964,1091,890,311,503,1278,1377,1373,1017,868,192,75,35
Wednesday,11pm,738,299,876,971,818,583,815,780,643,725,1017,1303,1641,707,1111,769,712,580,861,706,419,826,900,747,883,523,967,494,896,638,672,681,845,498,407,601,810,811,660,960,1579,1044,1102,980,793,434,406,1057,1215,1227,1087,908,200,52,22
Thursday,12am,789,281,733,900,795,533,748,1025,546,728,1131,1475,1298,672,1376,502,614,554,788,805,711,921,828,575,772,399,966,520,715,715,662,1018,859,475,298,592,723,756,616,824,1257,887,1096,863,741,461,347,865,909,1494,984,845,173,39,23
Thursday,1am,605,293,682,789,756,670,769,1173,441,674,1092,1412,1106,602,1185,408,574,503,767,618,993,1172,822,457,713,282,848,505,577,634,591,1155,1016,813,276,625,657,748,641,637,1033,784,1064,814,648,533,316,593,757,1630,886,789,109,43,15
Thursday,2am,466,258,702,786,1069,673,696,1596,532,582,1140,1183,1119,490,1062,340,570,600,686,1091,1046,1047,870,311,650,186,976,413,505,650,540,810,1150,796,223,542,650,745,719,732,915,708,1044,802,616,566,279,580,677,1424,994,661,100,20,19
Thursday,3am,494,250,709,648,838,725,629,1254,543,544,1029,963,824,522,837,244,585,598,751,705,973,1000,908,291,594,144,897,370,402,658,464,701,1013,572,280,567,655,594,771,799,910,628,986,686,709,541,272,659,444,974,953,539,113,17,26
Thursday,4am,378,167,608,453,783,698,583,820,529,575,923,593,473,463,701,260,524,614,699,560,769,744,840,638,440,213,734,349,355,689,459,523,911,445,222,430,508,571,725,593,781,509,898,632,666,393,335,570,351,781,968,506,62,18,22
Thursday,5am,324,210,496,401,767,565,574,597,425,490,718,468,394,481,455,246,468,491,609,714,596,672,894,668,409,227,575,372,389,587,409,411,584,388,398,370,444,503,886,489,600,430,754,558,620,404,314,498,339,610,796,390,36,14,14
Thursday,6am,339,206,483,333,517,573,488,474,367,555,521,282,429,353,309,230,452,436,546,420,405,521,862,434,318,331,547,349,395,484,326,660,359,320,607,380,383,448,680,374,519,324,652,455,524,458,301,365,314,480,607,328,39,22,16
Thursday,7am,296,174,488,346,437,455,398,395,313,439,468,177,451,290,252,232,430,408,522,277,318,423,810,271,300,504,475,344,303,475,279,639,264,262,556,346,343,428,707,294,394,299,473,371,409,377,295,259,217,569,333,245,19,20,11
Thursday,8am,277,150,357,337,343,363,340,322,321,372,358,114,417,296,197,181,325,373,453,175,222,318,589,218,305,701,418,309,279,426,263,396,208,224,441,265,319,394,765,233,344,225,381,368,300,225,316,169,225,507,284,210,20,19,14
Thursday,9am,315,150,331,294,261,324,321,224,268,350,321,111,343,279,218,148,284,299,397,132,181,289,456,177,311,738,383,277,217,376,233,303,160,192,306,224,313,305,511,181,291,208,319,350,276,173,328,116,199,422,343,169,9,19,9
Thursday,10am,303,157,434,269,253,309,345,260,269,378,285,102,363,314,276,206,287,338,405,138,186,230,428,132,300,1015,412,299,209,320,263,301,173,144,297,238,346,313,445,189,231,221,301,342,293,173,458,151,170,443,325,190,20,19,11
Thursday,11am,302,203,465,266,227,349,481,344,341,416,282,146,545,455,634,192,358,363,519,161,195,286,423,162,436,1493,480,327,280,391,392,309,191,149,381,278,410,421,440,332,418,262,417,333,359,202,651,148,218,656,478,328,21,26,16
Thursday,12pm,368,255,616,297,204,417,614,441,416,583,367,202,541,504,1389,323,368,462,631,135,538,427,546,202,621,1877,503,467,276,441,453,384,416,201,524,413,629,613,532,881,774,346,542,527,345,284,1000,161,199,823,639,389,23,21,10
Thursday,1pm,536,270,1021,455,164,521,527,405,558,784,359,346,536,594,844,397,532,604,831,120,872,464,501,539,656,1859,793,520,271,504,663,473,524,450,860,524,835,687,526,1038,1013,419,517,613,437,515,1211,313,151,1087,623,512,22,22,17
Thursday,2pm,818,312,1434,808,163,565,309,308,653,818,313,551,431,614,827,496,622,811,888,124,671,622,534,595,789,1662,1122,504,262,518,685,843,618,388,885,555,1068,854,635,843,1270,487,550,679,535,378,1328,560,311,1062,966,521,26,41,21
Thursday,3pm,1014,318,1303,1136,166,559,458,307,685,876,335,762,383,620,641,635,669,847,937,175,457,723,567,903,756,1244,1310,430,270,610,670,880,586,492,857,589,1105,853,626,815,1184,578,549,668,687,383,1213,686,662,876,1041,524,36,32,23
Thursday,4pm,797,310,1428,1167,147,556,575,432,683,939,189,877,492,599,475,993,718,883,970,372,320,630,559,1081,804,883,1246,718,333,657,725,670,500,680,1084,620,906,854,645,629,1050,591,545,770,960,538,1278,980,717,717,924,644,25,47,22
Thursday,5pm,837,259,1435,908,153,560,606,418,807,927,197,1032,829,700,495,1055,604,962,909,721,223,751,644,1087,722,733,1167,823,370,739,712,662,811,920,1003,522,818,880,695,610,873,610,500,836,1099,901,1059,1400,830,675,1200,992,22,41,28
Thursday,6pm,796,253,1096,1086,485,624,664,360,809,996,524,954,1207,668,748,1093,641,936,848,744,171,725,556,957,637,523,1194,924,474,743,609,498,741,870,1142,512,856,846,709,594,667,667,572,884,1143,824,889,1221,906,583,1382,983,27,32,30
Thursday,7pm,719,236,1042,1289,417,562,763,442,805,865,788,956,1333,772,962,1467,716,802,877,1092,216,694,708,1109,667,466,1107,1035,610,710,641,427,592,982,1111,595,766,827,757,700,730,789,690,785,1078,1177,835,928,796,490,1513,810,32,29,18
Thursday,8pm,661,259,917,991,261,628,863,581,739,787,931,1297,1194,757,1172,1573,811,743,1025,1627,242,722,745,1271,720,364,1065,973,769,636,605,399,437,1258,928,598,781,854,633,709,810,832,749,770,1063,1553,663,1024,827,475,1114,897,31,44,24
Thursday,9pm,592,217,786,696,343,628,1014,595,740,784,1443,1215,917,863,1250,1683,819,746,725,1379,312,739,765,1300,767,335,1211,873,841,662,660,684,256,1370,716,508,748,802,688,789,769,830,666,718,1046,1952,647,1020,742,436,1241,795,25,25,35
Thursday,10pm,839,185,852,586,358,551,1053,735,691,751,1420,1020,666,892,1465,1164,765,638,680,1422,1036,689,629,1017,922,262,1032,880,1008,744,708,753,212,1416,803,546,663,693,578,787,1423,952,643,848,727,1582,587,820,843,568,1116,643,21,37,30
Thursday,11pm,751,192,771,483,339,578,1177,793,703,799,1165,1002,439,769,1127,969,762,561,683,1066,1107,657,597,986,933,206,800,942,1097,702,699,780,183,1198,1229,543,615,732,560,800,1483,861,685,689,589,1361,491,893,864,935,1005,638,16,21,25
Friday,12am,728,137,795,524,235,627,842,897,582,633,1108,1795,382,716,1033,781,714,540,638,758,950,712,591,1143,857,151,735,832,909,680,586,873,151,1195,1310,517,546,709,619,800,1289,774,724,652,493,888,450,849,891,1205,806,641,29,8,24
Friday,1am,839,128,715,597,160,589,816,820,598,690,950,1152,414,795,999,665,724,600,545,647,664,665,867,1454,915,127,726,1033,964,730,527,695,177,1009,1165,474,545,669,592,655,1309,573,849,663,399,994,376,699,683,1234,827,652,37,7,26
Friday,2am,684,102,635,408,169,640,782,503,628,775,644,881,503,769,816,613,669,557,655,604,641,603,825,1652,794,89,628,984,916,765,555,596,557,787,1118,471,530,684,611,580,1263,474,855,540,333,710,367,699,617,1391,703,695,37,26,31
Friday,3am,648,106,573,412,238,704,673,348,664,750,374,1035,554,844,662,573,698,461,556,844,613,943,717,1489,769,53,537,963,795,678,389,612,515,681,906,437,482,634,618,584,1216,460,925,560,357,790,351,857,551,1114,598,526,58,11,19
Friday,4am,543,99,626,390,273,641,400,240,644,811,281,1381,570,811,541,605,648,494,569,703,463,727,517,1072,639,78,493,894,561,714,444,883,294,665,686,457,477,634,637,530,1087,427,951,451,322,1012,288,738,456,945,492,508,185,4,9
Friday,5am,708,98,600,333,263,575,265,234,583,654,237,1075,616,665,504,404,559,525,570,451,255,587,485,891,590,183,445,668,412,586,430,737,222,622,578,329,452,458,576,376,854,350,861,473,258,1185,306,540,428,812,455,583,271,6,15
Friday,6am,543,80,574,235,198,499,286,228,456,564,205,769,609,391,633,271,515,382,464,316,226,448,487,857,433,331,424,563,367,568,347,675,137,511,598,312,381,465,607,299,683,226,665,400,179,637,326,350,402,663,426,465,114,11,5
Friday,7am,379,83,617,193,185,415,223,215,370,523,137,520,396,412,624,203,446,362,430,228,182,308,365,582,379,398,302,444,256,440,344,688,99,476,440,294,358,364,519,262,499,229,494,320,168,559,280,226,308,515,401,414,83,9,10
Friday,8am,340,102,559,155,124,362,211,248,263,443,121,372,347,398,321,158,353,360,395,168,156,225,272,372,271,608,276,364,251,403,263,532,70,373,307,255,291,336,474,298,406,195,358,290,117,479,267,210,271,380,327,436,55,17,3
Friday,9am,274,105,552,136,116,294,247,204,274,365,119,295,259,390,318,111,341,354,439,170,120,168,363,320,293,835,259,330,207,364,268,374,64,275,332,223,312,283,404,271,292,162,346,264,112,278,270,163,206,324,250,290,54,15,10
Friday,10am,275,106,475,117,87,323,159,227,208,425,143,252,245,446,247,130,331,411,375,188,97,168,323,255,320,1109,303,302,229,318,281,387,72,275,305,217,338,304,347,321,379,155,366,266,71,362,324,133,259,308,243,289,41,14,9
Friday,11am,308,181,471,176,123,362,237,279,251,494,145,335,243,477,294,136,357,475,454,148,150,226,330,311,313,1151,431,409,266,343,374,477,110,448,315,284,367,421,393,443,480,197,484,319,103,538,431,154,430,370,350,291,54,22,9
Friday,12pm,342,227,597,356,355,394,327,351,319,574,188,461,283,533,378,206,469,640,555,162,227,282,328,397,560,1138,494,571,279,405,506,820,115,520,318,427,539,524,484,783,585,233,559,411,162,466,687,152,607,742,492,390,56,19,9
Friday,1pm,369,279,762,730,431,485,303,587,383,667,510,461,304,647,444,183,622,864,792,135,259,333,414,416,569,960,623,831,368,497,652,1034,412,605,579,480,752,827,520,1014,840,265,622,790,292,540,988,175,522,851,620,455,102,24,12
Friday,2pm,480,294,1110,739,445,559,473,687,450,761,752,457,271,804,375,428,705,933,831,107,201,448,478,366,619,816,736,1209,517,561,727,756,544,1102,1034,649,914,847,577,932,1122,343,659,987,631,853,1175,186,399,769,823,557,181,34,19
Friday,3pm,558,280,1215,822,605,515,676,837,581,764,635,330,430,918,341,796,746,929,859,166,198,466,653,349,664,716,877,1346,656,534,875,595,586,1844,692,578,1090,912,614,893,1013,391,774,1002,924,1495,1182,296,361,841,890,529,138,20,24
Friday,4pm,567,283,1286,1189,675,499,545,921,568,814,707,326,555,970,380,1193,737,882,772,292,138,687,704,474,660,603,855,1409,633,607,819,496,1065,1574,488,596,1176,858,670,815,1050,411,821,960,656,1358,1008,366,316,1006,818,598,147,26,25
Friday,5pm,839,324,1091,1299,525,440,441,801,491,722,1062,236,594,863,629,1503,729,781,785,391,111,773,754,1069,582,390,721,1203,626,643,835,370,1442,1048,430,573,1152,836,612,612,942,593,857,928,576,1248,950,340,448,1141,799,796,104,28,17
Friday,6pm,838,284,950,1135,428,518,458,563,548,659,1395,242,571,748,756,1575,767,742,759,432,94,807,667,1349,741,344,659,1025,677,635,735,548,1403,886,317,538,1119,726,699,571,785,861,952,927,635,926,766,268,626,1199,779,824,167,24,14
Friday,7pm,859,266,882,1168,651,478,441,452,535,707,1342,216,599,743,1148,1336,807,657,725,371,176,1028,647,1439,636,293,636,1003,666,627,690,943,1528,707,307,485,989,699,608,526,814,1011,961,854,770,917,652,291,747,1129,627,775,119,24,25
Friday,8pm,961,243,742,992,591,468,524,470,499,674,1084,210,640,903,564,1650,718,573,758,562,549,1026,609,1357,665,283,515,843,678,644,760,1201,1634,690,542,674,934,682,580,454,869,1243,1040,819,958,512,625,597,796,1010,647,732,146,33,29
Friday,9pm,1385,218,667,823,558,386,634,699,456,670,993,447,604,1150,237,1220,784,570,655,377,413,1057,665,1018,710,331,554,833,699,694,698,1255,1387,533,405,583,755,705,579,344,782,1178,959,754,1015,350,691,841,755,910,546,784,172,81,14
Friday,10pm,1060,198,624,770,876,470,762,833,525,578,839,789,686,1268,163,1109,696,587,614,792,303,934,642,786,742,394,524,644,713,669,707,1056,1401,401,266,678,671,624,677,336,691,945,957,695,1024,233,661,877,726,545,491,681,300,79,13
Friday,11pm,732,188,675,572,795,536,612,1109,567,542,846,897,751,1057,132,1066,621,475,707,793,659,951,646,671,707,579,521,654,698,659,627,1039,1139,305,225,644,603,605,652,364,553,829,989,734,836,177,589,966,633,474,373,597,328,61,23
Saturday,12am,614,176,566,505,891,578,566,707,551,518,855,986,853,811,76,950,573,531,620,536,1169,769,761,727,742,224,578,534,638,605,552,1328,829,270,417,634,553,560,749,378,534,806,906,636,746,182,495,951,578,389,412,617,324,38,20
Saturday,1am,566,150,498,444,703,490,526,804,520,528,968,1218,589,621,75,1122,582,485,563,495,907,730,593,680,728,197,499,507,549,635,557,1165,716,357,414,615,471,575,707,430,440,599,744,585,637,439,500,1299,656,312,337,524,278,21,17
Saturday,2am,639,125,418,302,612,558,444,711,523,452,848,569,416,502,52,947,515,482,530,521,613,885,541,485,677,154,417,484,495,664,492,1164,901,429,350,505,494,533,684,420,475,530,665,491,579,746,423,1094,598,251,306,658,210,30,22
Saturday,3am,649,124,399,230,477,739,386,556,460,518,505,650,322,488,66,705,491,465,543,380,448,885,525,368,605,102,402,477,380,663,428,1305,864,491,416,413,420,651,650,440,401,552,596,478,480,552,378,782,450,214,249,541,181,26,15
Saturday,4am,549,120,369,194,565,632,455,641,510,493,563,577,246,516,47,493,469,454,444,256,331,815,482,429,609,72,420,483,319,578,446,915,486,647,630,426,369,552,695,368,386,473,507,439,492,422,259,603,311,200,296,552,114,21,29
Saturday,5am,446,116,399,155,871,649,433,604,447,533,501,411,214,495,53,387,436,489,392,161,252,657,489,510,583,78,344,348,295,496,399,858,328,665,624,368,300,497,586,287,363,322,493,354,393,366,224,364,230,149,237,430,85,21,33
Saturday,6am,391,100,416,127,731,614,299,542,466,431,492,365,177,526,99,352,371,404,415,127,400,537,393,334,460,97,335,309,370,477,390,638,239,584,380,338,279,415,591,273,307,296,461,322,395,350,198,336,215,121,167,408,60,21,19
Saturday,7am,353,91,391,148,575,526,221,575,422,358,538,409,137,487,140,286,409,341,395,102,320,366,411,232,416,135,284,241,344,422,373,503,164,473,315,269,240,359,444,195,245,225,284,291,380,260,220,258,125,76,176,329,40,20,22
Saturday,8am,308,89,341,130,586,465,185,377,345,314,435,346,125,425,207,260,295,372,327,70,250,303,399,176,329,277,230,173,235,349,295,426,135,433,279,264,214,369,421,214,219,164,219,290,316,190,218,185,122,74,128,235,14,14,10
Saturday,9am,276,66,299,141,437,407,157,263,357,311,371,220,98,414,261,231,288,270,310,50,235,256,370,130,370,442,192,206,204,284,278,329,152,435,237,234,218,322,382,189,208,259,168,276,231,159,283,200,115,67,131,221,19,20,24
Saturday,10am,288,61,281,72,399,367,143,230,412,300,319,179,105,350,224,205,327,320,328,31,291,200,336,140,307,779,218,212,167,316,271,548,229,395,225,240,227,287,389,220,219,241,191,292,256,147,305,312,143,56,131,332,13,18,15
Saturday,11am,264,87,260,120,499,388,125,193,518,346,366,210,153,390,235,220,346,318,298,43,312,191,515,133,360,1277,219,289,171,276,313,720,297,396,208,216,264,327,397,277,223,243,195,329,317,242,397,395,84,55,188,296,14,23,15
Saturday,12pm,281,114,313,128,362,414,209,271,650,394,687,242,178,419,283,358,400,403,411,40,411,207,635,166,392,1854,324,358,199,309,363,653,255,355,216,303,298,387,424,448,229,252,280,317,510,351,472,254,139,78,159,328,12,19,17
Saturday,1pm,340,139,382,251,369,416,340,490,737,487,1020,479,251,431,461,447,413,528,501,147,423,300,752,199,485,1740,408,465,246,389,484,581,293,381,549,423,302,535,445,688,276,337,331,490,547,309,723,169,411,66,196,431,12,38,20
Saturday,2pm,346,177,494,451,266,540,490,832,734,569,947,888,426,503,835,566,569,646,566,537,678,355,1014,158,553,1506,530,504,311,385,666,493,686,362,461,550,347,648,572,1016,310,472,384,606,685,266,780,194,883,67,221,516,12,27,27
Saturday,3pm,350,148,607,494,308,567,745,728,776,624,939,956,432,643,1000,769,548,713,622,707,1665,448,1105,206,586,1197,640,758,581,486,900,549,667,313,394,728,434,646,575,998,327,603,417,722,1099,215,950,537,801,43,301,576,30,30,33
Saturday,4pm,392,219,833,779,378,652,804,741,916,656,983,1129,555,782,917,1096,766,737,669,934,2080,727,1223,611,513,1044,732,831,644,507,910,679,528,555,301,739,391,668,548,931,459,690,518,750,1157,185,736,502,396,48,461,723,17,46,23
Saturday,5pm,343,165,869,674,447,570,1055,964,849,690,739,941,640,700,876,1401,841,691,731,879,1966,774,973,979,455,745,664,844,721,550,799,729,719,855,372,693,378,694,459,790,556,721,522,795,1108,278,757,404,618,113,567,823,18,30,18
Saturday,6pm,404,205,704,603,477,626,1198,688,720,637,609,870,783,700,809,1327,822,607,588,924,1772,680,793,1337,438,562,641,797,710,563,727,632,874,893,625,641,399,709,428,708,495,742,597,746,884,603,661,435,683,212,449,817,18,28,16
Saturday,7pm,475,172,589,688,476,703,1027,891,613,675,445,911,567,762,627,1384,835,642,614,865,1689,807,756,1350,465,522,514,680,603,521,646,554,683,768,835,661,393,592,379,518,470,713,556,751,779,510,665,343,585,226,405,798,20,31,30
Saturday,8pm,551,174,502,447,452,701,1037,716,778,672,433,911,459,832,531,1379,782,574,557,771,1451,805,635,1732,426,604,455,584,520,578,617,382,519,834,877,507,298,511,364,657,417,792,519,767,758,458,620,266,487,207,451,877,25,34,31
Saturday,9pm,539,146,495,384,325,727,1062,561,736,544,356,1052,433,1009,520,994,777,574,460,1008,1071,710,531,1655,441,693,418,479,604,589,573,509,515,1049,1110,496,330,527,374,728,481,951,561,783,807,383,620,209,486,208,496,871,26,25,30
Saturday,10pm,557,201,416,426,451,743,993,560,728,627,670,890,378,744,944,842,750,547,481,900,797,737,495,1534,423,658,454,387,536,567,554,562,534,1093,1232,558,290,526,427,724,449,957,620,740,695,235,593,302,492,210,512,901,13,9,22
Saturday,11pm,627,158,397,473,521,722,758,979,602,614,692,736,331,676,723,780,714,558,499,1123,855,676,523,1314,647,537,411,359,643,561,462,506,485,1013,1363,585,268,522,454,681,444,940,636,625,558,175,501,422,604,326,544,711,24,5,22
Sunday,12am,545,156,507,355,642,736,564,1141,585,524,580,851,380,596,368,701,697,557,486,865,846,628,380,1181,589,382,278,269,663,590,505,322,1041,844,1058,521,250,493,416,618,390,882,654,633,467,375,567,644,622,322,508,629,11,18,16
Sunday,1am,475,208,512,358,941,644,465,881,641,576,367,891,472,679,401,542,609,508,450,535,869,616,378,888,654,257,306,232,579,635,601,290,1314,719,667,582,290,470,417,619,385,804,785,642,418,519,471,1217,682,309,459,658,9,18,26
Sunday,2am,404,137,576,411,664,634,393,783,811,547,287,648,631,612,605,534,556,449,390,309,770,730,405,711,612,229,254,284,570,684,554,369,1360,643,540,602,296,522,470,571,310,719,815,547,394,690,370,1195,736,348,484,675,7,5,13
Sunday,3am,356,140,644,338,483,658,310,928,857,511,192,574,607,683,572,521,472,416,395,498,812,928,419,690,558,141,245,219,608,654,656,483,1133,489,502,458,312,561,501,643,207,632,702,548,371,514,343,942,556,352,359,554,19,4,11
Sunday,4am,260,132,649,360,564,637,200,659,791,412,138,678,765,568,692,519,446,433,417,649,626,874,372,686,557,147,202,247,680,633,643,668,790,371,567,494,260,546,486,564,149,553,660,493,376,428,320,835,425,297,300,461,17,5,17
Sunday,5am,313,137,616,287,857,537,225,731,635,408,138,466,652,430,623,538,396,469,355,395,385,845,308,457,500,148,219,242,666,614,518,580,607,435,487,385,209,489,465,464,137,487,644,459,289,526,276,736,293,229,272,360,10,7,16
Sunday,6am,259,129,669,223,779,510,214,645,583,412,141,419,505,293,487,535,378,413,386,254,303,617,246,319,508,131,192,214,535,617,511,648,435,450,421,333,209,467,482,344,137,461,527,447,263,606,285,513,215,162,293,336,4,0,8
Sunday,7am,205,122,467,188,653,414,199,427,586,309,177,343,469,205,363,440,297,319,321,188,261,398,267,261,450,191,168,214,440,565,449,359,343,393,356,349,198,397,436,302,107,351,461,412,227,498,304,320,168,124,249,224,10,14,17
Sunday,8am,202,113,413,154,715,423,190,398,461,289,200,250,413,251,257,288,283,291,323,195,177,349,267,311,364,307,159,150,361,409,366,258,272,237,582,305,168,300,399,364,113,328,392,362,190,347,294,290,156,69,213,286,14,5,8
Sunday,9am,168,174,379,176,668,344,211,355,427,262,178,231,362,219,227,240,288,287,338,128,148,243,372,421,375,617,147,143,304,364,413,221,192,231,699,285,137,326,366,369,101,243,314,348,184,218,297,231,145,73,207,266,7,10,11
Sunday,10am,156,111,400,125,563,322,311,249,387,258,167,180,319,203,236,233,238,218,301,84,137,253,396,490,348,918,118,175,362,375,333,168,187,207,497,256,124,271,331,305,113,211,307,320,141,237,377,165,151,78,129,208,10,8,26
Sunday,11am,133,130,359,121,415,306,333,255,490,281,185,177,341,257,191,178,239,273,269,96,143,228,373,486,398,1329,145,176,337,331,361,145,198,273,387,279,153,345,316,377,114,189,255,380,140,217,377,206,142,69,161,274,6,14,17
Sunday,12pm,154,150,382,159,397,342,378,284,620,381,270,243,561,349,303,199,294,356,364,246,155,247,405,488,465,1783,211,189,396,348,415,138,249,260,456,349,151,389,325,495,122,228,265,366,166,210,506,345,169,74,242,341,10,11,11
Sunday,1pm,211,199,503,150,415,416,470,521,602,472,494,336,862,363,414,214,339,530,418,370,484,336,594,608,642,1956,275,294,380,438,573,251,914,521,493,433,185,433,389,747,193,334,298,400,231,429,681,424,339,93,286,295,12,23,23
Sunday,2pm,314,233,469,168,510,492,549,426,635,763,540,674,1293,345,481,269,480,737,491,377,483,397,722,645,776,1868,381,737,406,497,813,644,1673,868,753,558,293,508,486,965,293,485,295,593,419,320,850,524,789,106,418,545,17,31,27
Sunday,3pm,378,274,478,351,811,527,529,410,716,860,459,575,2646,388,404,343,580,931,510,428,477,488,969,778,706,1263,462,796,480,536,999,750,1660,823,1193,595,377,556,540,981,313,495,306,812,609,320,773,491,934,92,392,580,24,43,50
Sunday,4pm,326,269,446,509,1042,601,604,468,684,1021,356,380,1119,504,329,407,592,856,577,895,531,561,917,903,753,1166,524,601,627,564,1078,875,1243,717,1149,610,469,629,523,885,336,686,486,827,769,606,701,427,760,53,554,820,26,30,45
Sunday,5pm,300,196,440,572,1560,654,668,651,711,930,453,329,899,685,661,378,569,772,644,1051,680,624,1103,1032,729,1136,576,614,684,693,1255,713,1324,735,994,667,473,624,579,1036,431,715,700,939,810,1128,666,386,891,66,656,934,31,28,40
Sunday,6pm,325,209,514,547,1351,689,722,996,694,874,461,252,665,768,795,357,633,750,658,799,1144,702,1046,1159,593,1174,571,596,889,699,1303,537,1117,630,1024,667,443,675,598,1157,465,788,749,955,817,890,727,428,885,98,579,956,35,43,33
Sunday,7pm,403,196,412,569,1277,664,773,992,641,800,419,222,488,899,839,204,630,695,551,1144,1172,692,959,1421,691,1149,466,548,1024,674,999,410,990,792,953,591,471,594,553,960,443,1117,774,985,674,665,609,493,957,188,579,777,18,33,40
Sunday,8pm,382,201,368,726,1335,708,849,1111,558,837,520,172,488,878,660,261,672,661,533,847,927,725,763,1327,683,1100,469,596,1177,701,882,608,1451,936,936,671,474,631,521,883,591,1460,715,1002,612,570,618,677,893,232,513,856,27,70,27
Sunday,9pm,350,193,319,666,1754,652,1080,1059,523,774,795,216,882,896,665,208,684,617,513,547,640,723,783,1023,954,1071,466,562,1316,595,826,562,1152,744,1146,628,499,606,503,778,631,1122,787,952,542,472,602,526,902,241,470,802,23,61,20
Sunday,10pm,255,149,283,583,2159,712,917,832,441,731,822,196,1185,1110,683,173,633,558,571,631,671,671,859,744,672,1066,396,606,1400,674,789,956,849,702,934,624,409,558,530,839,542,999,701,853,520,588,535,455,988,220,436,793,29,51,28
Sunday,11pm,354,170,325,599,2039,713,752,813,497,719,1162,466,875,1285,457,233,590,511,534,662,641,627,770,633,615,1032,435,546,1224,655,698,1107,601,791,1239,567,432,595,529,941,651,888,664,822,474,1035,489,571,848,117,457,709,22,52,17
