upvote_ratio,spacex,KerbalSpaceProgram,Bitcoin,pcmasterrace,Showerthoughts,outside,dankmemes,wholesomememes,2meirl4meirl,WritingPrompts,tifu,news,nottheonion,4chan,Music,IAmA,math,itookapicture,learnprogramming,gaming,movies,mylittlepony,anime,sports,gonewild,europe,apple,Android,ATBGE,depression,disneyvacation,mildlyinteresting,interestingasfuck,mildlyinfuriating,worldnews,furry_irl,talesfromtechsupport,TalesFromRetail,nosleep,hmmm,NintendoSwitch,smashbros,nostalgia,Drugs,dankchristianmemes,aww,polandball,WTF,FortNiteBR,GetMotivated,Fitness,Drama,netflix,PewdiepieSubmissions,Minecraft
0.6,0,0,0,0,0,0,0,0,0,0,0,0,0,0,0,-4.248,0,0,0,0,0,0,0,0,0,0,0,0,0,0,0,0,0,0,0,0,0,0,0,0,0,0,0,0,0,0,0,0,0,0,0,0,0,0,0
0.61,0,0,-0.620,0,0,0,0,0,0,0,0,0,0,0,0,-0.473,0,0,0,0,0,0,0,0,0,0,0,0,0,0,0,0,0,0,0,0,0,0,0,0,0,0,0,0,0,0,0,0,0,0,0,0,0,0,0
0.63,0,0,0,0,0,0,0,0,0,0,0,0,0,0,0,-0.070,0,0,0,0,0,0,0,0,0,0,0,0,0,0,0,0,0,0,0,0,0,0,0,0,0,0,0,0,0,0,0,0,0,0,0,0,0,0,0
0.64,0,0,0,0,0,0,0,0,0,0,0,0,0,0,0,-1.117,0,0,0,0,0,0,0,0,0,0,0,0,0,0,0,0,0,0,-0.011,0,0,0,0,0,0,0,0,0,0,0,0,0,0,0,0,0,0,0,0
0.65,0,0,0,0,0,0,0,0,0,0,0,-0.084,0,0,-4.132,-1.180,0,0,0,0,0,0,0,0,0,-0.434,0,0,0,0,0,0,-1.457,0,-0.442,0,0,0,0,0,0,0,0,0,0,0,0,0,0,0,0,-0.054,0,0,0
0.66,0,0,0,0,0,0,0,0,0,0,0,0,0,0,-0.070,-2.205,0,0,0,0,0,0,0,0,0,0,0,0,0,0,0,0,0,0,-0.428,0,0,0,0,0,0,0,0,0,0,0,0,0,0,-0.266,0,-0.179,0,0,0
0.67,0,0,0,0,0,0,0,0,0,0,0,0,-0.005,0,-0.472,-1.933,0,0,0,0,0,0,0,0,0,0,0,0,0,0,0,0,0,0,-0.044,0,0,0,0,0,0,0,0,0,0,0,0,0,0,0,0,0,0,0,0
0.68,0,0,0,0,0,0,0,0,0,0,0,-0.636,-0.017,0,-0.076,-1.611,0,0,0,0,-0.047,-0.481,0,0,0,0,0,0,0,0,0,0,0,0,-1.514,0,0,0,0,0,0,0,0,0,0,0,0,0,0,0,0,0,-0.002,0,0
0.69,0,0,-0.345,0,0,0,0,0,0,0,0,-0.037,-0.138,0,-0.016,-0.788,0,0,0,0,-0.077,0,0,0,0,-0.446,0,0,0,0,0,0,0,0,-0.062,0,0,0,0,0,0,0,0,0,0,0,0,0,0,0,0,0,0,0,0
0.7,0,0,0,0,0,0,0,0,0,0,0,-0.108,0,0,0,-1.212,0,0,0,-1.358,-2.203,0,0,0,0,-0.427,0,0,0,0,0,0,0,0,-0.333,0,0,0,0,0,0,0,0,0,0,0,0,0,0,-0.128,0,0,0,0,0
0.71,0,0,0,0,0,0,0,0,0,0,0,-0.069,0,0,-0.052,-2.019,0,0,0,0,-0.116,0,0,0,0,-0.531,0,0,0,0,0,0,0,0,-0.108,0,0,0,0,0,-0.567,0,0,0,-0.039,0,0,0,0,0,0,0,0,0,0
0.72,0,0,-5.755,-0.027,0,0,0,0,0,0,0,-0.213,-0.112,0,-0.134,-1.578,0,0,0,-0.003,-2.172,0,0,-5.916,0,-1.994,0,0,0,0,0,0,0,0,-0.879,0,0,0,0,0,0,0,0,0,-0.008,0,0,0,0,0,-0.225,0,0,-0.613,0
0.73,0,0,-0.007,0,0,-0.127,0,0,0,0,0,-0.604,-0.702,-0.065,-0.900,-0.818,0,-0.229,0,-0.303,-1.405,0,0,0,0,-0.527,-0.005,0,0,0,0,0,0,0,-0.454,0,0,0,0,-0.079,-0.023,0,0,0,0,0,0,0,0,0,0,0,0,0,0
0.74,0,0,-0.342,0,0,0,0,0,0,0,-0.587,-0.158,-0.271,0,-0.025,-1.426,0,0,0,0,-6.311,0,0,0,0,-1.903,0,-0.008,0,0,0,0,0,0,-0.365,0,0,0,0,0,-0.019,0,0,0,0,0,0,0,0,0,-0.004,-0.219,-0.009,0,0
0.75,0,0,-0.159,0,0,0,0,0,-0.187,0,-0.005,-0.623,-0.091,0,-0.943,-1.116,0,0,0,-3.280,-0.122,0,0,0,0,0,0,0,0,0,0,0,0,0,-0.245,0,0,0,0,0,-0.636,0,0,-0.460,0,0,0,0,-0.283,0,0,-0.001,0,-1.901,0
0.76,0,0,-0.116,-5.236,0,-0.012,0,0,0,0,-0.004,-0.234,-0.254,0,-1.279,-2.083,0,0,0,0,-0.682,0,0,0,0,0,-0.253,0,0,0,0,0,0,0,-0.857,0,0,0,0,0,0,0,0,0,0,0,0,0,-0.022,0,0,0,0,-2.565,0
0.77,0,0,-0.034,0,0,0,0,0,0,0,-0.064,-0.054,-0.326,0,-0.101,-0.936,0,0,0,-0.768,-0.397,-2.090,0,0,0,-0.641,0,0,0,0,0,0,0,0,-0.322,0,0,0,0,0,0,0,0,0,-0.016,0,0,0,0,-2.325,0,0,0,-0.817,0
0.78,0,0,-0.044,0,-0.839,-0.265,0,0,0,0,0,-0.205,-0.528,0,-0.131,-2.241,0,0,0,-5.751,-0.578,-1.649,0,0,0,0,-0.053,0,0,0,0,-0.894,0,0,-0.244,0,0,0,0,0,-2.236,0,0,-0.003,0,0,0,0,-3.727,0,0,0,0,-0.922,0
0.79,0,0,-1.179,-2.302,0,0,0,0,-0.191,0,-0.023,-0.105,-0.081,-1.488,-1.706,-1.472,0,0,0,-0.261,-1.004,-2.110,0,-0.441,0,-0.330,-2.252,0,0,0,0,0,0,0,-0.216,0,0,0,0,0,-0.899,0,0,0,0,0,-0.075,-0.207,-2.162,-1.227,0,-0.126,-0.366,-2.888,0
0.8,0,0,-0.248,-5.492,-0.039,0,-0.030,-0.210,0,-1.504,-0.007,-0.427,-0.077,-1.849,-1.046,-1.416,0,-0.760,-0.109,-0.243,-1.188,-2.279,0,0,0,-0.131,0,0,-1.264,0,0,-0.012,0,0,-0.262,0,0,0,0,-0.090,-2.545,0,-0.011,0,0,0,-0.079,0,-0.151,-0.270,0,0,-0.170,-3.509,-0.559
0.81,0,0,-0.362,-0.150,-0.147,0,0,-0.778,-0.188,0,-0.094,-0.243,-0.377,-0.443,-0.201,-1.544,-0.424,0,0,-1.591,-1.141,-0.878,0,0,0,-0.475,-0.038,-0.022,-0.223,0,-2.461,0,0,-0.037,-0.513,-0.096,0,0,0,-0.079,0,-0.542,0,0,0,-4.837,-0.378,-0.354,-1.171,-0.169,-0.054,-0.053,-0.134,-1.627,-0.024
0.82,0,-1.021,-0.694,0,-2.868,-4.645,0,0,0,-0.117,-0.135,-0.103,-0.078,-4.452,-0.454,-0.834,-2.351,-6.246,0,-1.159,-0.647,-0.827,0,-0.534,0,-0.027,-0.567,0,-0.179,-0.407,0,0,0,0,-0.586,-0.294,0,-0.575,0,0,0,0,-0.056,-0.013,-0.151,0,0,-0.009,-1.632,-0.735,0,0,-3.596,-0.866,0
0.83,0,0,-0.596,-0.208,-0.493,-0.518,-0.305,0,-0.193,-1.739,-0.112,-0.390,-0.169,0,-2.068,-1.037,0,-0.112,-0.178,-1.008,-1.772,-1.472,0,-1.516,0,-1.483,-2.017,-1.620,0,0,0,0,0,-0.005,-0.338,-0.146,0,0,-0.032,-0.091,-0.053,0,0,0,-0.297,-4.028,-0.053,-0.006,-0.888,-0.322,0,-0.961,-0.872,-1.531,-2.738
0.84,0,-3.451,-0.931,-1.292,-0.084,-3.206,0,-0.232,0,-0.411,-0.392,-0.101,-0.053,-0.777,-1.085,-1.178,-1.452,-0.395,-0.117,-1.921,-0.974,-2.039,0,-0.704,-0.077,-0.634,-0.472,-1.485,-2.100,0,-1.411,0,-1.238,0,-0.289,-0.116,0,0,-0.194,-0.067,-5.385,-0.194,0,0,-0.110,-0.310,-0.163,-0.137,-1.149,-3.153,-0.384,-0.084,-1.023,-1.612,0
0.85,0,-0.335,-1.598,-0.695,-0.603,-0.117,-1.356,-0.637,-0.169,-1.876,-0.039,-0.099,-0.241,-0.167,-0.913,-1.243,-0.196,-0.281,-0.021,-1.471,-0.829,-1.144,0,-0.804,-0.732,-0.273,-1.670,-0.172,-0.382,0,-0.825,-0.610,-3.354,0,-0.595,0,0,0,0,0,-1.473,-0.854,-0.013,0,-1.271,0,-2.107,-0.331,-1.841,-0.868,0,-0.002,-1.477,-1.504,-0.646
0.86,-2.814,-0.945,-0.983,-0.395,-1.831,-0.361,-2.455,-1.028,-0.418,-1.269,-0.131,-0.177,-0.074,-0.089,-0.181,-2.301,-1.746,-0.336,-3.116,-3.095,-1.159,-0.879,0,-0.453,-0.117,-0.361,-0.165,-0.365,-0.784,0,-0.197,-1.619,-0.537,-0.352,-0.437,-0.122,0,-0.001,-1.308,-0.084,-3.028,-1.493,0,-0.209,-0.703,0,-0.171,-0.105,-2.115,-1.700,-0.017,-0.090,-0.637,-1.209,-2.156
0.87,0,0,-0.165,-0.104,-0.899,-0.617,-3.458,-2.934,-0.168,-0.575,-0.069,-0.225,-0.168,-0.813,-1.322,-0.953,-1.317,-0.526,-3.293,-0.830,-0.840,-1.216,0,-0.955,-1.274,-1.399,-1.914,-0.388,-0.179,-0.003,-0.330,-0.570,-0.766,-0.763,-0.303,-0.161,0,0,-0.174,-0.086,-2.378,-1.116,-0.596,-0.154,-1.751,-3.258,-0.194,-0.273,-0.504,-3.179,-0.742,-1.697,-1.732,-1.484,-0.649
0.88,-0.085,-0.169,-1.289,-1.121,-0.877,-0.363,-1.403,-0.331,-0.169,-1.813,-0.149,-0.222,-0.446,-0.616,-1.112,-1.094,-0.323,-0.769,-1.023,-1.196,-1.298,-1.334,0,-1.482,-0.277,-0.510,-1.256,-0.681,-0.124,-0.122,-0.320,-0.127,-1.417,-0.970,-0.295,-0.145,0,-0.085,-0.278,-0.091,-1.709,-1.042,-2.148,-0.056,-1.268,-0.028,-0.504,-0.814,-0.189,-1.043,-2.152,-0.164,-1.153,-1.505,-1.162
0.89,-0.974,-1.278,-1.251,-1.167,-0.338,-0.752,-0.679,-1.456,-0.175,-1.604,-0.351,-0.202,-0.063,-0.486,-0.593,-1.219,-1.089,-0.776,-1.067,-1.165,-1.340,-1.253,0,-0.548,-0.455,-1.015,-0.308,-1.544,-0.719,-2.165,-0.215,-0.507,-0.475,-0.070,-0.226,-0.127,0,-0.013,-2.136,-0.080,-1.274,-0.074,-1.848,-0.044,-0.653,-1.675,-0.556,-0.552,-0.934,-1.948,-1.484,-0.501,-1.334,-0.372,-1.237
0.9,-0.869,-0.246,-0.724,-1.070,-1.328,-1.127,-0.613,-1.797,-0.198,-2.003,-0.045,-0.204,-0.337,-0.460,-2.644,-1.745,-1.157,-1.179,-1.568,-0.902,-1.275,-0.998,0,-0.808,-1.686,-0.189,-0.591,-0.632,-0.659,0,-0.846,-0.298,-0.164,-0.251,-0.267,-0.110,-0.119,0,-1.051,-0.079,-1.829,-1.180,-1.388,-0.259,-0.376,-2.770,-0.309,-0.102,-0.916,-1.528,-1.515,-0.495,-1.336,-1.284,-1.606
0.91,-0.120,-0.296,-1.530,-0.694,-1.803,-0.678,-0.262,-1.294,-0.189,-1.547,-0.467,-0.374,-0.090,-0.529,-1.508,-0.339,-1.128,-0.565,-1.153,-1.273,-0.899,-1.592,-0.297,-1.384,-0.951,-0.568,-0.854,-0.328,-0.788,-2.663,-0.384,-0.710,-0.208,-1.094,-0.221,-0.129,-0.161,-0.208,-0.883,-0.083,-0.885,-1.002,-0.982,-0.208,-0.871,-1.044,-0.470,-0.239,-0.216,-1.370,-2.567,-0.608,-1.112,-1.154,-1.089
0.92,-1.320,-0.635,-1.498,-1.069,-1.531,-0.955,-0.959,-1.901,-0.189,-2.273,-0.039,-0.231,-0.088,-0.302,-1.487,-1.524,-0.655,-0.653,-1.350,-1.098,-0.237,-1.343,0,-0.687,-1.887,-0.909,-0.242,-0.408,-0.964,-0.027,-0.265,-1.018,-0.648,-0.142,-0.276,-0.131,-0.766,-0.284,-0.645,-0.088,-0.639,-1.100,-0.494,-0.308,-0.577,-1.906,-0.569,-0.441,-1.221,-1.031,-1.114,-0.789,-1.073,-1.401,-0.983
0.93,-1.421,-1.043,-0.707,-0.662,-0.977,-0.520,-0.652,-1.571,-0.184,-1.578,-0.108,-0.223,-0.117,-0.516,-0.406,-0.008,-1.016,-0.739,-1.258,-1.449,-2.820,-1.029,-0.072,-0.919,-1.311,-1.110,-0.933,-0.215,-0.520,-1.178,-0.414,-0.843,-0.610,-0.384,-0.131,-0.127,-0.417,-0.499,-0.656,-0.082,-0.437,-1.586,-0.537,-0.298,-0.719,-2.166,-0.425,-0.386,-1.011,-1.509,-1.699,-0.781,-0.992,-1.137,-0.704
0.94,-1.501,-0.749,-0.792,-0.197,-0.582,-0.608,-1.173,-1.761,-0.187,-1.944,-0.015,-0.275,-0.066,-0.339,-0.280,0,-1.042,-0.722,-1.638,-0.888,0,-1.425,-0.769,-0.952,-0.534,-0.595,-0.364,-0.577,-0.535,-1.598,-0.394,-1.055,-0.554,-0.309,-0.328,-0.134,-0.483,-0.524,-1.109,-0.082,-1.024,-1.552,-0.754,-0.863,-0.819,-1.658,-0.460,-0.419,-0.161,-0.100,-1.677,-0.463,-1.618,-1.569,-1.091
0.95,-0.907,-0.957,0,-0.330,-0.710,-0.771,-0.863,-1.590,-0.188,-2.201,0,-0.068,0,-0.335,-0.275,0,-1.142,-0.927,-1.255,-1.186,-2.075,-1.001,-1.299,-0.101,-0.546,-0.637,-0.269,-1.008,-0.871,-1.151,-0.506,-0.091,-0.574,-0.168,-0.050,-0.144,-0.524,-0.705,-0.595,-0.081,-0.971,-1.468,-0.436,-0.564,-0.966,-1.418,-0.628,-0.035,-0.006,-2.367,-1.226,-0.447,-1.093,-1.740,-1.495
0.96,-0.926,-0.982,0,-1.910,-0.021,-0.537,-1.211,-2.471,-0.184,-1.865,0,0,-0.130,-0.874,-0.022,0,-1.077,-0.674,-1.591,-0.347,0,-0.442,-0.779,0,-1.115,-0.555,-0.288,-2.185,-0.047,-0.861,-0.369,-0.165,-0.113,0,-0.038,-0.126,-0.533,-0.469,-1.280,-0.084,-0.038,-1.072,-0.293,-0.725,-0.334,-1.145,-0.389,0,0,0,-1.733,-0.348,-1.397,0,-0.999
0.97,-0.999,-0.913,0,0,0,-0.554,-0.376,-2.445,-0.193,0,0,0,0,-0.023,0,0,-1.366,-0.608,-1.518,0,0,-1.187,-1.632,0,-1.274,0,-0.351,-0.084,-0.004,-1.211,-0.486,0,0,0,0,-0.153,-0.576,-0.744,-0.775,0,0,-1.178,0,-0.420,-2.085,-1.862,-0.249,0,0,0,-3.280,-0.347,-1.303,0,-1.309
0.98,-1.557,-0.945,-0.012,0,0,-0.621,-0.002,0,-0.192,0,0,0,0,0,0,0,-1.199,-0.706,-1.546,0,0,0,-1.295,0,-1.061,0,-0.309,0,0,-1.162,-0.366,-0.679,0,0,0,-0.157,-0.450,-0.398,-1.012,0,0,-0.581,-2.723,-0.602,0,-0.602,-2.069,0,0,0,-1.376,-0.322,-1.646,0,-0.880
0.99,-1.279,-0.709,0,0,0,-0.704,0,0,0,0,0,0,0,0,0,0,-1.169,-0.620,-2.952,0,0,-0.293,-1.224,0,-0.760,0,0,0,0,-0.741,-0.565,0,0,0,0,-0.147,-0.633,-0.656,-0.529,0,0,0,0,-0.624,0,0,0,0,0,0,0,-0.012,-0.030,0,-2.535
1.0,-0.460,0,0,0,0,-0.630,0,0,0,0,0,0,0,0,0,0,0,0,0,0,0,0,0,0,0,0,0,0,0,-0.665,-0.290,0,0,0,0,-0.169,0,0,0,0,0,0,0,-0.442,0,0,0,0,0,0,0,0,0,0,0
